WKR_NR;Gebiet;gehört zu;Wahlberechtigte;Wahlberechtigte;Wahlberechtigte;Wahlberechtigte;Wählende;Wählende;Wählende;Wählende;Ungültige Stimmen;Ungültige Stimmen;Ungültige Stimmen;Ungültige Stimmen;Gültige Stimmen;Gültige Stimmen;Gültige Stimmen;Gültige Stimmen;CDU;CDU;CDU;CDU;SPD;SPD;SPD;SPD;AFD;AFD;AFD;AFD;FDP;FDP;FDP;FDP;DIELINKE;DIELINKE;DIELINKE;DIELINKE;B90/GRÜNE;B90/GRÜNE;B90/GRÜNE;B90/GRÜNE;CSU;CSU;CSU;CSU
;;;Erststimmen;Erststimmen;Zweitstimmen;Zweitstimmen;Erststimmen;Erststimmen;Zweitstimmen;Zweitstimmen;Erststimmen;Erststimmen;Zweitstimmen;Zweitstimmen;Erststimmen;Erststimmen;Zweitstimmen;Zweitstimmen;Erststimmen;Erststimmen;Zweitstimmen;Zweitstimmen;Erststimmen;Erststimmen;Zweitstimmen;Zweitstimmen;Erststimmen;Erststimmen;Zweitstimmen;Zweitstimmen;Erststimmen;Erststimmen;Zweitstimmen;Zweitstimmen;Erststimmen;Erststimmen;Zweitstimmen;Zweitstimmen;Erststimmen;Erststimmen;Zweitstimmen;Zweitstimmen;Erststimmen;Erststimmen;Zweitstimmen;Zweitstimmen
;;;Endgültig;Vorperiode;Endgültig;Vorperiode;Endgültig;Vorperiode;Endgültig;Vorperiode;Endgültig;Vorperiode;Endgültig;Vorperiode;Endgültig;Vorperiode;Endgültig;Vorperiode;Endgültig;Vorperiode;Endgültig;Vorperiode;Endgültig;Vorperiode;Endgültig;Vorperiode;Endgültig;Vorperiode;Endgültig;Vorperiode;Endgültig;Vorperiode;Endgültig;Vorperiode;Endgültig;Vorperiode;Endgültig;Vorperiode;Endgültig;Vorperiode;Endgültig;Vorperiode;Endgültig;Vorperiode;Endgültig;Vorperiode
1;Flensburg – Schleswig;1;231536;228471;231536;228471;180112;171914;180112;171914;1537;1596;1487;1449;178575;170318;178625;170465;41721;68120;36421;58320;38927;47711;45508;40388;9768;10583;10317;11653;12299;11147;19189;18955;6544;12144;7475;14002;50231;17911;33300;22304;;;;
2;Nordfriesland – Dithmarschen Nord;1;188267;186568;188267;186568;145387;139194;145387;139194;1337;1297;1242;1123;144050;137897;144145;138071;43745;62256;35511;52928;40026;34685;37926;31120;8274;8117;8798;9030;13958;11105;18350;18050;4060;7102;4437;8589;20611;13026;22588;15144;;;;
3;Steinburg – Dithmarschen Süd;1;176899;176636;176899;176636;136299;132017;136299;132017;1319;1134;1190;1139;134980;130883;135109;130878;39431;54812;32842;47366;39379;34219;37468;29756;10429;10006;11303;11180;19315;14440;18492;17298;4339;7176;4524;8732;16686;8791;19237;12960;;;;
4;Rendsburg-Eckernförde;1;202226;200831;202226;200831;162060;157354;162060;157354;1410;1252;1105;1087;160650;156102;160955;156267;47688;66625;38517;56585;49474;45070;43148;35766;10200;10656;10564;11578;12903;10077;19322;19071;4416;8074;5163;9962;23832;13978;28828;19337;;;;
5;Kiel;1;202482;204650;202482;204650;155986;153273;155986;153273;1170;1594;918;1204;154816;151679;155068;152069;28416;46560;23920;40736;45709;46991;40338;36208;7147;9283;7654;10504;11445;11363;16110;17804;7275;11114;9430;15546;43532;21743;44089;26143;;;;
6;Plön – Neumünster;1;174908;174937;174908;174937;133721;131713;133721;131713;1759;1224;1194;1199;131962;130489;132527;130514;36870;53109;30290;43778;41497;37728;38670;31013;9404;10223;9741;11161;12420;9379;15901;16481;3718;7009;4232;8503;20740;11736;23051;16350;;;;
7;Pinneberg;1;238388;238533;238388;238533;191512;187715;191512;187715;1443;1620;1242;1343;190069;186095;190270;186372;49710;73816;42057;63863;59298;56460;55693;42729;12141;14729;13080;15977;20737;14441;25663;24735;5659;11270;6363;13111;32109;15379;34291;21336;;;;
8;Segeberg – Stormarn-Mitte;1;249202;247296;249202;247296;199618;193280;199618;193280;1700;1508;1353;1335;197918;191772;198265;191945;55265;78824;44285;66367;63369;52434;56658;43027;14040;15682;14527;17166;20575;15617;27675;26043;6202;10838;6468;13237;27109;16004;33361;21010;;;;
9;Ostholstein – Stormarn-Nord;1;183138;181522;183138;181522;143092;138439;143092;138439;1301;1150;1126;1144;141791;137289;141966;137295;42991;56996;35564;48898;47714;42232;42520;33764;9647;10790;10073;11782;13289;10047;17986;18147;4122;6062;4036;8303;19025;9539;22314;13493;;;;
10;Herzogtum Lauenburg – Stormarn-Süd;1;246277;244930;246277;244930;196903;193334;196903;193334;1576;1569;1316;1363;195327;191765;195587;191971;51872;75737;45364;66031;60593;52171;56422;42815;14053;17435;14682;18792;20550;15775;27725;26163;5168;9785;6325;12480;33949;18688;32475;20826;;;;
11;Lübeck;1;179394;181638;179394;181638;131455;130961;131455;130961;1580;2228;1218;1167;129875;128733;130237;129794;28266;45432;23628;38263;44315;43578;39704;32919;8538;11137;8827;11539;9700;8312;13626;14097;4020;;5785;12213;27809;16785;29229;16568;;;;
1;Schleswig-Holstein;99;2272717;2266012;2272717;2266012;1776145;1729194;1776145;1729194;16132;16172;13391;13553;1760013;1713022;1762754;1715641;465975;682287;388399;583135;530301;493279;494055;399505;113641;128641;119566;140362;167191;131703;220039;216844;55523;90574;64238;124678;315633;163580;322763;205471;;;;
;;;;;;;;;;;;;;;;;;;;;;;;;;;;;;;;;;;;;;;;;;;;;;
12;Schwerin – Ludwigslust-Parchim I – Nordwestmecklenburg I;13;214853;216800;214853;216800;156565;157071;156565;157071;2957;1969;2402;1660;153608;155102;154163;155411;31754;49733;26383;51083;45189;34267;49271;28947;25393;24764;24185;25692;11769;7470;13242;9879;17906;26655;16604;25929;12061;5837;12419;6606;;;;
13;Ludwigslust-Parchim II – Nordwestmecklenburg II – Landkreis Rostock I;13;205042;205876;205042;205876;146362;146768;146362;146768;2316;1930;2258;1657;144046;144838;144104;145111;26208;43453;24621;48841;50736;34705;46846;25029;24760;25262;24673;25688;10322;8290;11638;9008;14949;23433;14979;24409;8163;5858;10147;5521;;;;
14;Rostock – Landkreis Rostock II;13;222705;222913;222705;222913;165329;164016;165329;164016;2319;1777;2352;1694;163010;162239;162977;162322;27672;47923;23103;49433;43932;29056;47280;25650;19882;23785;20658;25171;12242;7368;14852;10661;29715;40202;21491;33575;16556;8333;20941;10229;;;;
15;Vorpommern-Rügen – Vorpommern-Greifswald I;13;241066;240887;241066;240887;168922;169528;168922;169528;2769;1866;3143;2116;166153;167662;165779;167412;33903;73746;30910;55110;40429;19515;41583;20405;33025;32173;31303;32881;11005;5229;13776;11490;22767;26650;18857;30107;12199;5081;14654;8498;;;;
16;Mecklenburgische Seenplatte I – Vorpommern-Greifswald II;13;221421;226039;221421;226039;154240;156965;154240;156965;3572;2337;3202;2152;150668;154628;151038;154813;31182;48269;28684;51789;37392;21493;40339;19064;36597;36273;35102;35595;11165;8909;11438;8659;16202;29462;15370;27246;6112;3898;6616;4068;;;;
17;Mecklenburgische Seenplatte II – Landkreis Rostock III;13;209348;212099;209348;212099;143622;144239;143622;144239;3021;1863;2824;1798;140601;142376;140798;142441;29950;53538;26402;51007;43730;22401;42049;20594;30320;26199;29421;27382;9825;6633;10609;8198;14494;24728;14434;24102;7573;4739;7179;4592;;;;
13;Mecklenburg-Vorpommern;99;1314435;1324614;1314435;1324614;935040;938587;935040;938587;16954;11742;16181;11077;918086;926845;918859;927510;180669;316662;160103;307263;261408;161437;267368;139689;169977;168456;165342;172409;66328;43899;75555;57895;116033;171130;101735;165368;62664;33746;71956;39514;;;;
;;;;;;;;;;;;;;;;;;;;;;;;;;;;;;;;;;;;;;;;;;;;;;
18;Hamburg-Mitte;2;242078;243543;242078;243543;179637;175731;179637;175731;1439;1716;1082;1438;178198;174015;178555;174293;23231;42149;19982;40909;59229;53795;51170;41551;8664;12728;9100;13940;14424;11202;18723;16255;16195;24083;15593;26109;46326;22368;49791;25164;;;;
19;Hamburg-Altona;2;187705;185944;187705;185944;152720;146090;152720;146090;837;1161;625;864;151883;144929;152095;145226;25441;37575;22478;36139;43427;41947;38865;29680;5191;7425;5036;8028;12380;12482;16543;16306;14716;19704;13667;22766;45063;20817;46162;26036;;;;
20;Hamburg-Eimsbüttel;2;193823;192399;193823;192399;160970;156013;160970;156013;931;1283;605;810;160039;154730;160365;155203;27462;44416;23843;41826;47375;48920;44911;34575;5450;8777;5662;9138;12957;10537;18190;17463;11351;16123;10847;19290;47734;23220;47983;26372;;;;
21;Hamburg-Nord;2;219909;217226;219909;217226;185457;178760;185457;178760;1234;1397;766;886;184223;177363;184691;177874;43870;59441;34387;55737;56594;54695;51575;38150;6259;9701;6811;10963;15786;14911;26247;24652;9095;13277;8741;16720;47375;24065;46531;25584;;;;
22;Hamburg-Wandsbek;2;233483;235513;233483;235513;174014;172574;174014;172574;1678;1707;1193;1273;172336;170867;172821;171301;33085;50822;29103;49482;66616;59086;59298;45542;11490;16208;11290;16732;15755;12007;19225;17621;10629;15673;8852;16847;26599;12112;32134;17773;;;;
23;Hamburg-Bergedorf – Harburg;2;221794;222031;221794;222031;158246;155758;158246;155758;1601;1990;1229;1537;156645;153768;157017;154221;26483;43274;25427;42219;61590;53446;52523;40364;12774;16688;12638;17710;13301;8039;15674;13313;10521;16382;9878;17344;24231;11903;27931;15442;;;;
2;Hamburg;99;1298792;1296656;1298792;1296656;1011044;984926;1011044;984926;7720;9254;5500;6808;1003324;975672;1005544;978118;179572;277677;155220;266312;334831;311889;298342;229862;49828;71527;50537;76511;84603;69178;114602;105610;72507;105242;67578;119076;237328;114485;250532;136371;;;;
;;;;;;;;;;;;;;;;;;;;;;;;;;;;;;;;;;;;;;;;;;;;;;
24;Aurich – Emden;3;191846;191541;191846;191541;137847;142676;137847;142676;2286;3092;1653;1605;135561;139584;136194;141071;24019;38531;24066;39552;71596;69231;59038;53353;;;11173;12877;11798;6882;12113;10079;4861;9403;4671;10142;12652;9787;17668;10503;;;;
25;Unterems;3;238506;235234;238506;235234;175826;176342;175826;176342;2079;1553;1550;1390;173747;174789;174276;174952;77143;87406;52067;74173;49440;48959;59229;48194;13584;13387;14248;14620;10763;7758;17671;13629;4358;7726;4650;9459;16434;8255;18576;10258;;;;
26;Friesland – Wilhelmshaven – Wittmund;3;189047;189344;189047;189344;134164;139153;134164;139153;1188;1810;1234;1557;132976;137343;132930;137596;29286;44537;28535;45098;60392;54504;50448;42207;10227;11392;10951;12490;9502;8074;13874;12958;3460;8127;4122;9738;13504;7542;17020;9984;;;;
27;Oldenburg – Ammerland;3;228705;226253;228705;226253;173725;175967;173725;175967;1397;1797;1175;1286;172328;174170;172550;174681;34294;52598;32100;53417;65757;63235;55231;45514;8572;11592;8903;12625;12859;10635;17674;18136;10183;14081;8344;16351;35119;19827;40919;21821;;;;
28;Delmenhorst – Wesermarsch – Oldenburg-Land;3;226827;227696;226827;227696;163753;170194;163753;170194;1781;1966;1595;1375;161972;168228;162158;168819;40410;57390;36649;56526;59377;55326;55621;47622;11999;15122;12987;16392;17278;15208;18571;17076;4931;10262;5046;11567;21202;12933;23973;13525;;;;
29;Cuxhaven – Stade II;3;188602;187679;188602;187679;140739;141726;140739;141726;1067;1433;1023;1007;139672;140293;139716;140719;42085;59930;36586;54163;51417;43077;48858;38923;10227;11862;11000;12650;9622;6984;14052;11483;2694;8121;3672;9121;15389;8491;17553;9709;;;;
30;Stade I – Rotenburg II;3;198576;197297;198576;197297;151821;153044;151821;153044;1188;1192;935;849;150633;151852;150886;152195;52069;67463;39969;59229;47763;42829;48301;37361;10735;12590;11002;13513;12019;8797;16720;14538;4340;7994;4301;9564;19923;10613;22091;12511;;;;
31;Mittelems;3;233253;230151;233253;230151;180543;179811;180543;179811;1330;1187;1104;959;179213;178624;179439;178852;72523;95815;60733;88310;52309;47107;55461;41983;8993;8949;9235;9701;17466;10089;21101;16181;3996;6813;3969;8167;22562;8900;22515;10803;;;;
32;Cloppenburg – Vechta;3;223948;220042;223948;220042;164507;163669;164507;163669;1321;1550;1155;1153;163186;162119;163352;162516;80134;93545;62837;86301;33825;32997;40212;28870;12674;12683;12772;13145;14397;8306;19747;15298;3542;6640;3549;7145;17366;7034;18093;8207;;;;
33;Diepholz – Nienburg I;3;194371;193934;194371;193934;146954;148298;146954;148298;1460;1480;982;1020;145494;146818;145972;147278;49116;65465;36915;55833;46455;40102;48196;37505;9683;11955;10372;12434;13671;10285;17628;15515;4029;7759;3920;8951;19702;11252;21139;11992;;;;
34;Osterholz – Verden;3;197490;196136;197490;196136;151308;153036;151308;153036;1927;1268;1089;1238;149381;151768;150219;151798;50274;59560;36183;53035;48574;48505;49430;40047;;12995;11329;14675;13764;8273;15653;13464;6375;10714;5253;11055;21933;10146;24183;14052;;;;
35;Rotenburg I – Heidekreis;3;168927;168101;168927;168101;125100;127071;125100;127071;934;974;896;967;124166;126097;124204;126104;32720;45510;31119;47558;59131;51938;43196;34211;9182;10331;9945;11671;7354;5659;12526;10699;3010;5219;3536;7422;10035;6053;16857;10068;;;;
36;Harburg;3;201740;199081;201740;199081;161635;161837;161635;161837;1122;1325;893;982;160513;160512;160742;160855;46711;65223;39850;57815;49773;44017;46765;35377;11007;14826;11671;16047;14395;10458;20426;18839;4230;8638;4682;10117;24120;14565;26777;16410;;;;
37;Lüchow-Dannenberg – Lüneburg;3;182673;180865;182673;180865;139183;141000;139183;141000;1546;1382;1077;861;137637;139618;138106;140139;34287;46740;29032;43861;38784;39169;41262;32865;8603;12131;9145;12498;9513;9245;13241;12959;5378;11729;6328;12705;34606;20604;30585;18906;;;;
38;Osnabrück-Land;3;199960;199131;199960;199131;151837;151302;151837;151302;1251;1226;1379;1107;150586;150076;150458;150195;54535;68379;42864;60737;44709;42438;48352;38529;9418;9934;10069;10940;13006;9576;16653;14603;3596;7908;3870;9156;22011;11613;22160;12346;;;;
39;Stadt Osnabrück;3;195467;196720;195467;196720;149541;152107;149541;152107;1335;2699;1031;938;148206;149408;148510;151169;43316;60185;34462;53977;44876;47279;44919;37336;6695;;6903;9499;10090;13353;14627;14309;6977;12521;6224;12759;34140;15108;34546;18353;;;;
40;Nienburg II – Schaumburg;3;193863;194800;193863;194800;142895;146673;142895;146673;1248;1196;1103;1019;141647;145477;141792;145654;43817;59128;33968;49896;50017;47615;49553;43307;11695;13292;12434;14945;8804;6539;14213;12430;3070;6530;3842;8289;18094;11206;19968;11831;;;;
41;Stadt Hannover I;3;176770;179883;176770;179883;128894;134805;128894;134805;1217;1390;1308;956;127677;133415;127586;133849;27303;39487;23410;36401;44538;47549;39511;36645;7549;11364;7677;12226;9550;8734;13282;13658;4662;9579;5768;12470;27851;12102;30360;16292;;;;
42;Stadt Hannover II;3;190336;193433;190336;193433;143712;149031;143712;149031;1184;1407;1262;940;142528;147624;142450;148091;26196;42713;22537;36203;46929;49744;40116;37964;6476;10590;6753;11241;9538;8165;13288;14735;7390;13775;8831;17823;37779;16486;41976;22079;;;;
43;Hannover-Land I;3;231250;232926;231250;232926;174581;181650;174581;181650;1464;1554;1879;1274;173117;180096;172702;180376;55185;72282;44529;62828;58297;59552;55464;48783;12942;17217;13295;18366;12557;9325;19550;18869;3981;8958;4504;10890;22490;10725;26219;14335;;;;
44;Celle – Uelzen;3;214482;214612;214482;214612;158022;162145;158022;162145;1388;1349;1192;1139;156634;160796;156830;161006;51504;68655;40993;58858;50635;48189;48332;40899;14498;16199;14423;17554;13412;8830;17990;16334;4357;7901;4680;9297;18773;9266;21882;12478;;;;
45;Gifhorn – Peine;3;219966;218556;219966;218556;166592;168861;166592;168861;1568;1488;1762;1288;165024;167373;164830;167573;40279;60345;37839;56567;72113;63294;58846;50445;15346;16501;16048;18289;10738;8062;16238;14004;3619;8827;4147;10166;15762;9342;21960;12094;;;;
46;Hameln-Pyrmont – Holzminden;3;184471;187377;184471;187377;132893;139780;132893;139780;1345;1311;1284;1107;131548;138469;131609;138673;33575;46181;29809;44424;56893;54130;48438;44190;11208;13143;11590;14054;9102;8034;13624;12531;3676;8220;3734;9130;13259;7511;17274;9995;;;;
47;Hannover-Land II;3;238323;239923;238323;239923;181202;188495;181202;188495;1654;1729;2110;1479;179548;186766;179092;187016;45721;65815;40612;58984;73088;69104;62024;55161;13377;17570;13850;19392;11883;10092;18320;17925;4095;10124;4994;12305;22283;10693;29201;16290;;;;
48;Hildesheim;3;215131;218349;215131;218349;161685;169613;161685;169613;1676;1752;1907;1316;160009;167861;159778;168297;41230;60457;36504;54871;61857;62448;55439;52077;11387;14433;12161;15695;11507;9330;15397;13876;5481;8502;5308;10932;22973;12691;26565;14806;;;;
49;Salzgitter – Wolfenbüttel;3;200922;206133;200922;206133;147218;157046;147218;157046;1794;1567;1496;1327;145424;155479;145722;155719;39541;45310;33453;45985;56157;66587;53411;50482;14331;18564;14415;19115;9544;7268;13463;12450;5675;9290;4478;11266;15353;6680;18105;10213;;;;
50;Braunschweig;3;187721;192041;187721;192041;140807;147712;140807;147712;1254;1362;1513;1055;139553;146350;139294;146657;31276;45881;25929;42534;51220;55641;42377;38695;8045;11377;8238;12268;9816;7877;14046;14684;5352;11145;6355;13673;28214;11761;33401;17295;;;;
51;Helmstedt – Wolfsburg;3;180147;183961;180147;183961;130671;137303;130671;137303;1623;1471;1467;1291;129048;135832;129204;136012;34367;47416;31827;47037;54349;51646;45414;40740;12339;13857;12241;14862;9766;7791;13073;10988;3575;8128;3496;9050;11305;6096;15481;8064;;;;
52;Goslar – Northeim – Osterode;3;197519;202963;197519;202963;143611;150977;143611;150977;1544;1605;1296;1187;142067;149372;142315;149790;47196;59391;33614;48131;52129;51953;53876;48016;11240;13937;11819;15132;8827;7438;14239;13734;3835;8525;4251;9521;14954;8128;17118;9929;;;;
53;Göttingen;3;214542;220420;214542;220420;161876;170547;161876;170547;2399;1439;1571;1223;159477;169108;160305;169324;42958;56250;34588;51177;51385;59032;51180;47871;;11870;9785;13446;15261;7734;15638;15421;8057;9905;8132;14748;37060;19131;32448;19676;;;;
3;Niedersachsen;99;6105381;6124582;6105381;6124582;4563142;4681871;4563142;4681871;44570;46554;39921;34895;4518572;4635317;4523221;4646976;1323070;1777588;1093579;1623481;1603785;1557197;1498500;1275172;292032;369663;336434;422362;347802;264801;474638;431405;142785;273064;148657;322979;646848;334541;726613;404825;;;;
;;;;;;;;;;;;;;;;;;;;;;;;;;;;;;;;;;;;;;;;;;;;;;
54;Bremen I;4;245384;252496;245384;252496;186308;188064;186308;188064;1337;2627;1071;1688;184971;185437;185237;186376;39440;44912;32375;48458;55934;55656;53425;45729;9099;14290;9835;15539;13929;20702;18396;19138;15306;22666;15739;26425;39721;22117;44414;23568;;;;
55;Bremen II – Bremerhaven;4;214365;221655;214365;221655;144123;147855;144123;147855;2037;2249;1320;1908;142086;145606;142803;145947;28552;36363;24124;34951;52498;49463;49799;43215;12466;16645;12740;17705;8469;9755;12085;11918;10617;16739;9613;18204;20769;11269;24013;13165;;;;
4;Bremen;99;459749;474151;459749;474151;330431;335919;330431;335919;3374;4876;2391;3596;327057;331043;328040;332323;67992;81275;56499;83409;108432;105119;103224;88944;21565;30935;22575;33244;22398;30457;30481;31056;25923;39405;25352;44629;60490;33386;68427;36733;;;;
;;;;;;;;;;;;;;;;;;;;;;;;;;;;;;;;;;;;;;;;;;;;;;
56;Prignitz – Ostprignitz-Ruppin – Havelland I;12;172726;176002;172726;176002;122512;120228;122512;120228;1675;1813;1504;1820;120837;118415;121008;118408;23433;36481;19414;35215;39853;28061;41163;24884;23799;21296;23221;22183;7355;4226;9070;6555;10845;20849;9754;19447;5623;3547;7677;4231;;;;
57;Uckermark – Barnim I;12;182836;184716;182836;184716;130965;129870;130965;129870;1815;1994;1719;1857;129150;127876;129246;128013;22991;39102;19818;36160;38247;24843;40543;21650;26163;25804;25748;26605;10964;4859;10422;7021;12316;23589;11617;23870;7528;4714;9095;5187;;;;
58;Oberhavel – Havelland II;12;249331;243108;249331;243108;195208;185012;195208;185012;2470;2722;2120;2402;192738;182290;193088;182610;39996;54455;33377;51968;50697;41423;55193;33856;30863;32762;30793;33987;17322;9514;19802;13912;15501;26839;12665;26091;19026;9685;20663;11684;;;;
59;Märkisch-Oderland – Barnim II;12;230391;226424;230391;226424;177065;170039;177065;170039;2856;2434;2567;2343;174209;167605;174498;167696;40804;47594;26254;42113;43117;26526;48712;25908;31929;33915;31820;34701;12270;7111;14939;11007;21700;37721;18004;34632;11742;8972;13954;7800;;;;
60;Brandenburg an der Havel – Potsdam-Mittelmark I – Havelland III – Teltow-Fläming I;12;202955;203983;202955;203983;147618;143883;147618;143883;2239;2454;2039;2091;145379;141429;145579;141792;29236;45181;22274;40239;46642;35202;48423;28853;23931;23504;23845;25075;9266;6776;11934;9528;12672;21110;12019;23377;9474;5184;12211;6318;;;;
61;Potsdam – Potsdam-Mittelmark II – Teltow-Fläming II;12;232797;226640;232797;226640;190547;179977;190547;179977;1702;2098;1662;1755;188845;177879;188885;178222;26050;42905;26287;43332;64271;46934;50965;32975;17302;21698;18658;23691;16872;13412;20210;16434;14701;29768;19110;32654;35452;14658;35865;17999;;;;
62;Dahme-Spreewald – Teltow-Fläming III – Oberspreewald-Lausitz I;12;252744;248708;252744;248708;194461;187607;194461;187607;2948;3229;2731;2697;191513;184378;191730;184910;38080;56607;31299;49982;50696;36148;54650;32565;33719;37358;34411;38915;15073;8910;18893;13718;17417;30278;14955;29217;13523;8127;16156;8617;;;;
63;Frankfurt (Oder) – Oder-Spree;12;191387;194759;191387;194759;142414;140051;142414;140051;1973;2092;1824;2053;140441;137959;140590;137998;22876;37344;19890;33888;39350;23598;41414;22702;30182;30261;28338;30477;9975;7008;12439;9241;15690;26401;13436;26202;8865;4504;9992;5896;;;;
64;Cottbus – Spree-Neiße;12;171267;178676;171267;178676;128323;132113;128323;132113;1960;2390;1768;2085;126363;129723;126555;130028;21072;36855;17502;31366;34882;22019;36098;19729;32530;32776;30729;34905;11400;7426;13603;9941;11156;20359;9670;21456;4662;4319;6939;4093;;;;
65;Elbe-Elster – Oberspreewald-Lausitz II;12;162410;168543;162410;168543;120351;123365;120351;123365;2068;2517;1887;2211;118283;120848;118464;121154;19130;35633;17776;33576;29998;20142;33412;18700;29560;29830;29849;30564;10597;6492;11114;8128;10630;19583;8532;18775;4110;3543;4920;3146;;;;
12;Brandenburg;99;2048844;2051559;2048844;2051559;1549464;1512145;1549464;1512145;21706;23743;19821;21314;1527758;1488402;1529643;1490831;283668;432157;233891;397839;437753;304896;450573;261822;279978;289204;277412;301103;121094;75734;142426;105485;142628;256497;129762;255721;120005;67253;137472;74971;;;;
;;;;;;;;;;;;;;;;;;;;;;;;;;;;;;;;;;;;;;;;;;;;;;
66;Altmark;15;159998;165625;159998;165625;108881;111193;108881;111193;1301;1738;1137;1330;107580;109455;107744;109863;23433;35644;22567;36022;29599;20900;29537;18721;20875;18031;20629;18419;9116;7388;9396;7838;11218;20973;10381;20346;4674;3738;5834;3648;;;;
67;Börde – Jerichower Land;15;215532;220786;215532;220786;148520;150499;148520;150499;1774;4551;1557;2411;146746;145948;146963;148088;36652;55110;32720;47566;38520;29174;39043;24053;29843;;29604;27905;11817;11080;13589;11413;12785;29616;12426;24555;6184;3540;7267;4236;;;;
68;Harz;15;207942;215607;207942;215607;138572;143567;138572;143567;1728;2439;1522;2036;136844;141128;137050;141531;37884;51386;30508;47574;34812;24767;37330;22915;24947;22792;24790;23860;10064;6923;12532;9902;14413;27104;12700;25069;6320;4462;7495;4968;;;;
69;Magdeburg;15;229198;238060;229198;238060;156789;162894;156789;162894;1497;2338;1405;2117;155292;160556;155384;160777;34177;44021;28700;44616;39233;34877;41022;27513;23398;24509;23446;26051;12139;10796;14673;12713;15137;30299;16449;30056;14381;6417;16352;8564;;;;
70;Dessau – Wittenberg;15;169749;177005;169749;177005;115204;123466;115204;123466;1385;2067;1235;1722;113819;121399;113969;121744;39042;42781;26740;38751;22178;14806;29843;17360;22002;23520;21630;24327;7591;6051;10402;8940;9003;22086;9635;21102;7632;5607;6531;4299;;;;
71;Anhalt;15;214563;224401;214563;224401;139289;147946;139289;147946;2093;2754;1843;2407;137196;145192;137446;145539;32295;45843;29823;44620;28386;18687;33055;20289;33225;32281;31003;32349;10637;9213;12705;10848;20246;30757;14249;25887;4587;2854;5470;3455;;;;
72;Halle;15;209765;214668;209765;214668;148576;152467;148576;152467;1505;2192;1352;2173;147071;150275;147224;150294;30499;40690;26282;39833;42335;32053;34686;21196;22517;26018;21914;26727;11867;10131;15150;13533;19247;30530;17180;28892;12521;5475;19915;10457;;;;
73;Burgenland – Saalekreis;15;184352;191636;184352;191636;125866;131219;125866;131219;1573;2304;1287;2007;124293;128915;124579;129212;32649;43254;26535;38678;27165;16930;28460;17098;32328;30112;31000;31781;11764;8538;12785;10132;12419;21819;10630;21042;4207;3198;5002;3366;;;;
74;Mansfeld;15;198676;207103;198676;207103;133064;140223;133064;140223;1727;2566;1483;2291;131337;137657;131581;137932;32732;42725;28411;39751;30969;20864;32109;19835;32930;32864;31476;32982;11089;11091;12792;11236;13108;24863;11680;23909;3820;3647;4835;3250;;;;
15;Sachsen-Anhalt;99;1789775;1854891;1789775;1854891;1214761;1263474;1214761;1263474;14583;22949;12821;18494;1200178;1240525;1201940;1244980;299363;401454;252286;377411;293197;213058;305085;188980;242065;210127;235492;244401;96084;81211;114024;96555;127576;238047;115330;220858;64326;38938;78701;46243;;;;
;;;;;;;;;;;;;;;;;;;;;;;;;;;;;;;;;;;;;;;;;;;;;;
75;Berlin-Mitte;11;207010;206706;207010;206706;140655;151412;140655;151412;2061;2341;1856;1969;138594;149071;138799;149443;19216;27654;16526;27861;30611;35036;28881;26788;7632;11782;7810;12289;8448;9017;11040;12972;19764;30492;19610;32118;42443;26781;42486;25708;;;;
76;Berlin-Pankow;11;233069;237071;233069;237071;135593;188499;135593;188499;1459;2186;1251;1847;134134;186313;134342;186652;23439;36429;22455;36994;21387;30509;20245;29185;19023;22487;19426;23315;4069;7890;4932;12321;19048;53618;19157;43774;35919;26376;34836;26651;;;;
77;Berlin-Reinickendorf;11;175195;182398;175195;182398;114070;137240;114070;137240;2361;2380;2118;2135;111709;134860;111952;135105;32972;49654;29580;41912;26901;31882;25740;27071;12583;17738;12731;18513;8333;9688;10331;15376;5194;10384;5067;11516;15523;10647;17477;12305;;;;
78;Berlin-Spandau – Charlottenburg Nord;11;179896;184608;179896;184608;122863;133009;122863;133009;3048;2435;2908;2262;119815;130574;119955;130747;28647;40372;26158;36712;39062;41965;32853;29733;12440;17551;12780;18481;9954;8292;11798;12927;6484;9861;6074;12780;14004;8031;17193;11063;;;;
79;Berlin-Steglitz-Zehlendorf;11;217506;221210;217506;221210;171803;180720;171803;180720;2261;2347;2223;1763;169542;178373;169580;178957;48530;63085;39905;53281;41371;43801;40677;34279;9277;14549;10036;15824;14929;16159;20813;25461;7196;13392;8076;16352;37751;22712;38460;25361;;;;
80;Berlin-Charlottenburg-Wilmersdorf;11;195586;198672;195586;198672;133235;158034;133235;158034;1419;1920;1436;1387;131816;156114;131799;156647;33023;47077;29035;40085;33723;43123;28894;30351;7062;11722;7950;12374;10222;14426;13934;23280;7417;14745;8638;18367;33119;21286;35201;24770;;;;
81;Berlin-Tempelhof-Schöneberg;11;231477;235250;231477;235250;172069;181159;172069;181159;2613;2493;2731;2078;169456;178666;169338;179081;37902;51708;31751;44721;45220;39380;41215;36179;10013;16188;10921;17108;12041;11362;15633;18569;10177;19356;12706;23625;42680;33763;42791;27956;;;;
82;Berlin-Neukölln;11;196593;202618;196593;202618;134004;143553;134004;143553;2926;2448;2480;2140;131078;141105;131524;141413;25173;34593;22400;31592;33880;37777;31498;27520;10047;15105;10089;15904;8240;7255;9325;10891;16943;23204;15616;25752;25790;15480;29474;18446;;;;
83;Berlin-Friedrichshain-Kreuzberg – Prenzlauer Berg Ost;11;218824;223427;218824;223427;151276;173289;151276;173289;1644;1940;1507;1545;149632;171349;149769;171744;12706;20955;11990;23887;24416;29028;26326;27391;6999;10558;7379;10863;6784;5263;7834;10147;27024;42600;27862;49016;56602;45055;55147;35077;;;;
84;Berlin-Treptow-Köpenick;11;206999;205106;206999;205106;156625;157111;156625;157111;2450;1919;2754;1923;154175;155192;153871;155188;21016;29384;20562;31372;23684;21379;35690;24109;17978;23245;19322;26278;8950;5831;12190;10067;54548;61881;24609;39000;15806;7755;24686;12168;;;;
85;Berlin-Marzahn-Hellersdorf;11;198002;200704;198002;200704;133719;138992;133719;138992;2658;2207;2870;2053;131061;136785;130849;136939;38914;30480;21887;28620;18901;17172;29991;19797;20980;28167;22665;29618;5859;4852;9372;7290;28572;46782;20755;35698;8064;4440;11207;5621;;;;
86;Berlin-Lichtenberg;11;200461;205300;200461;205300;143826;149116;143826;149116;2719;2044;2659;1990;141107;147072;141167;147126;17696;28905;16891;27284;27413;20720;32403;21850;17415;23119;17916;24603;8463;5018;9796;7745;36409;51249;25840;43172;19179;8609;21777;9821;;;;
11;Berlin;99;2460618;2503070;2460618;2503070;1709738;1892134;1709738;1892134;27619;26660;26793;23092;1682119;1865474;1682945;1869042;339234;460296;289140;424321;366569;391772;374413;334253;151449;212211;159025;225170;106292;105053;136998;167046;238776;377564;194010;351170;346880;230935;370735;234947;;;;
;;;;;;;;;;;;;;;;;;;;;;;;;;;;;;;;;;;;;;;;;;;;;;
87;Aachen I;5;176306;179273;176306;179273;140020;140624;140020;140624;1107;1267;727;823;138913;139357;139293;139801;35562;47011;31772;38827;33087;45309;30588;34663;5314;7817;5427;8271;10906;10232;15032;19795;6161;12282;7453;14459;41942;13104;40421;17918;;;;
88;Aachen II;5;226420;228248;226420;228248;170670;173149;170670;173149;1883;1973;1583;1542;168787;171176;169087;171607;54808;62405;49838;52656;58189;63135;53408;60539;12632;15114;12409;14853;12055;11038;17892;19213;4496;8785;5259;10105;19976;7782;19918;8436;;;;
89;Heinsberg;5;192346;190051;192346;190051;145368;142330;145368;142330;1649;1726;1397;1440;143719;140604;143971;140890;57095;64121;46466;55605;37249;39301;38822;36421;10965;11652;11359;12313;10691;9334;16023;16111;3608;6424;4529;7909;15368;6964;16858;7281;;;;
90;Düren;5;199656;199675;199656;199675;153645;151595;153645;151595;1707;1757;1516;1461;151938;149838;152129;150134;55719;62711;46217;52412;46734;47543;44058;43816;12947;13404;13171;14432;11237;8788;17104;17155;3449;6611;4570;8809;14174;8235;16951;8198;;;;
91;Rhein-Erft-Kreis I;5;249035;248982;249035;248982;194862;191505;194862;191505;1909;2166;1461;1637;192953;189339;193401;189868;63635;74207;55068;63664;58858;58792;54714;50014;13537;17113;13417;18091;17542;17648;24227;27398;5889;8590;5682;11392;25409;10354;27566;12526;;;;
92;Euskirchen – Rhein-Erft-Kreis II;5;249198;246753;249198;246753;192814;187796;192814;187796;2031;2221;1540;1600;190783;185575;191274;186196;65981;79493;58081;66503;50892;48592;50949;43498;14999;17650;14894;18325;19805;18316;23314;27410;4993;10835;5730;11403;25005;10689;26161;12447;;;;
93;Köln I;5;190630;192574;190630;192574;140901;139718;140901;139718;1097;1522;821;1087;139804;138196;140080;138631;31636;43683;27695;36565;38985;42799;36933;33666;8789;11952;8363;12290;11490;10652;15040;18067;7213;11898;8267;15271;33405;13535;33501;15800;;;;
94;Köln II;5;242483;240985;242483;240985;204955;197979;204955;197979;972;1218;622;901;203983;196761;204333;197078;50918;68657;41834;56165;40103;52880;43193;38485;5587;9057;5891;9964;16950;17816;26470;33760;8771;15704;10399;21100;70658;28716;65240;30630;;;;
95;Köln III;5;204539;203647;204539;203647;155242;150629;155242;150629;1107;1531;840;1104;154135;149098;154402;149525;28674;41106;27485;36500;46149;48148;39901;36849;8015;11249;7876;11731;10708;10599;13845;16850;8435;14431;9903;19118;43600;19621;44407;20973;;;;
96;Bonn;5;230215;227583;230215;227583;185557;180439;185557;180439;1447;1498;1113;1231;184110;178941;184444;179208;44872;57330;41551;53334;46251;62377;41641;36119;7448;10882;7750;13136;23198;18724;21902;28113;6675;10193;10026;17133;46467;15056;50174;25197;;;;
97;Rhein-Sieg-Kreis I;5;238627;237415;238627;237415;188217;184295;188217;184295;1751;3732;1393;1538;186466;180563;186824;182757;60776;79987;51474;62334;53213;49988;49529;40922;13045;;13604;18237;16604;18768;23122;27267;6242;14684;6353;13038;26270;11762;29305;13757;;;;
98;Rhein-Sieg-Kreis II;5;216063;216020;216063;216020;176637;174513;176637;174513;1317;1615;1216;1350;175320;172898;175421;173163;70144;80441;51795;61425;41004;39246;41753;34583;10385;14592;10551;15226;13914;14491;23435;30142;4607;9543;5687;11116;26956;13643;31027;15192;;;;
99;Oberbergischer Kreis;5;206640;208418;206640;208418;160146;156593;160146;156593;1639;1962;1472;1559;158507;154631;158674;155034;53757;67603;44018;56567;42461;41305;42413;35078;15071;15648;15211;16413;15636;12123;19796;21353;4587;7999;5153;9887;19015;9489;19959;9995;;;;
100;Rheinisch-Bergischer Kreis;5;217193;217425;217193;217425;176933;174420;176933;174420;1349;2180;1037;1891;175584;172240;175896;172529;52714;68948;48224;61423;39827;42098;44429;36221;9518;12476;10051;13777;29576;27049;24373;28787;4845;8409;5222;11042;31626;11846;32285;15581;;;;
101;Leverkusen – Köln IV;5;209102;212212;209102;212212;154163;155139;154163;155139;1403;1619;1163;1428;152760;153520;153000;153711;31197;47272;33246;43175;69662;59373;44586;41671;10797;13408;10966;14970;11050;10114;15931;18719;5657;9430;7318;14284;17290;8722;29329;13472;;;;
102;Wuppertal I;5;202528;208129;202528;208129;146699;149950;146699;149950;1741;1944;1300;1383;144958;148006;145399;148567;31960;43814;30527;39341;54065;46657;42421;38696;11995;16339;12090;16431;13756;12910;15970;18437;6742;13120;8055;16100;18932;10987;25388;12754;;;;
103;Solingen – Remscheid – Wuppertal II;5;220204;222845;220204;222845;163495;164019;163495;164019;1526;2257;1277;1550;161969;161762;162218;162469;44778;61871;39413;51318;52852;49863;48196;40743;12335;15303;12506;16221;17406;12548;20256;22947;5099;10105;6076;12689;20967;9403;24296;11726;;;;
104;Mettmann I;5;203030;205244;203030;205244;159457;160315;159457;160315;1561;1765;1149;1150;157896;158550;158308;159165;47326;70762;43354;54126;39326;40819;42385;36596;10704;14106;10658;15053;14873;13202;21083;25757;4252;8647;4956;10216;36095;11014;25430;11796;;;;
105;Mettmann II;5;160175;163229;160175;163229;123769;125496;123769;125496;1172;1510;877;1056;122597;123986;122892;124440;38429;48689;33254;40601;37635;37468;34409;30492;8894;11143;9104;11926;11158;10795;16235;19691;3395;6825;3887;8458;17730;7567;18112;8599;;;;
106;Düsseldorf I;5;220827;220764;220827;220764;175110;172947;175110;172947;1162;1560;807;1037;173948;171387;174303;171910;54158;69273;44892;55052;38955;41903;38195;33493;7002;10912;7495;12029;24242;21944;27743;33940;5094;12611;6741;14675;36926;14408;39452;17148;;;;
107;Düsseldorf II;5;190102;193175;190102;193175;142287;143599;142287;143599;1153;1771;855;1053;141134;141828;141432;142546;34801;47950;31639;40606;41169;38727;35671;33218;8214;11530;8503;12968;14143;13049;17335;21277;5418;18499;6931;14111;30201;11778;31524;14379;;;;
108;Neuss I;5;213250;214779;213250;214779;162167;160050;162167;160050;1605;1758;1201;1275;160562;158292;160966;158775;57445;69658;48166;56983;51391;45314;43760;37438;10801;13675;11298;14887;12932;11471;20333;23585;4153;8535;4771;9895;18051;8131;21951;9583;;;;
109;Mönchengladbach;5;185185;190552;185185;190552;129646;132006;129646;132006;1707;1563;1241;1170;127939;130443;128405;130836;45550;57766;36555;46786;37548;31766;34877;30547;9915;11910;9641;12373;10957;10225;15459;17946;;8921;4927;9627;17302;7814;18166;8169;;;;
110;Krefeld I – Neuss II;5;200048;201450;200048;201450;155726;155434;155726;155434;1520;1761;1132;1244;154206;153673;154594;154190;51500;65228;45635;54907;39253;39142;39407;34051;9150;11196;9342;12104;18781;17673;22069;26859;4319;7815;4680;9805;24383;10140;24014;10871;;;;
111;Viersen;5;227166;227423;227166;227423;175085;173280;175085;173280;1740;1690;1333;1262;173345;171590;173752;172018;62123;82165;52896;65475;47806;42932;46375;38368;10312;12035;10357;12841;15140;14233;22281;27576;5558;8747;5203;10342;24394;11478;25673;11591;;;;
112;Kleve;5;225463;226096;225463;226096;171093;169057;171093;169057;1628;1674;1326;1399;169465;167383;169767;167658;63701;75375;54793;69700;48142;51197;47837;39316;9788;11019;9632;11621;14821;12692;19542;22687;4235;7096;4728;9366;23477;8230;23587;10098;;;;
113;Wesel I;5;206270;207178;206270;207178;160625;160344;160625;160344;1460;1663;1128;1246;159165;158681;159497;159098;47448;61849;42544;53623;54488;52085;53277;45627;10842;13615;10994;14325;14452;12644;17302;19709;4598;9461;5103;10637;19928;8763;20629;9743;;;;
114;Krefeld II – Wesel II;5;175852;179118;175852;179118;131664;133705;131664;133705;1378;1608;1048;1175;130286;132097;130616;132530;37033;48817;32316;40955;45852;42219;41476;36714;9077;11294;9189;12186;10954;10769;14899;18032;4100;7418;4703;10090;17398;8063;19539;9307;;;;
115;Duisburg I;5;163394;167998;163394;167998;118600;121638;118600;121638;1320;2870;1006;2022;117280;118768;117594;119616;24299;34053;23166;30746;47314;45455;41308;37925;11101;13648;9802;13549;8203;8289;10593;12491;5500;8146;5580;10369;16777;6648;17912;7844;;;;
116;Duisburg II;5;155265;160204;155265;160204;98339;103704;98339;103704;1530;3396;1173;1912;96809;100308;97166;101792;19404;26522;18168;22830;38162;34799;35842;34695;13361;16643;11834;15794;6901;7054;7913;8369;4889;8885;4508;8546;10518;4622;10287;4493;;;;
117;Oberhausen – Wesel III;5;199156;204816;199156;204816;145232;150312;145232;150312;1478;2191;1216;1451;143754;148121;144016;148861;32277;43077;30770;39085;55790;56987;53034;49165;13601;18197;13099;18560;10132;9357;13573;14890;4908;11331;5613;12373;17171;8349;17945;8228;;;;
118;Mülheim – Essen I;5;182895;187746;182895;187746;139658;142858;139658;142858;1503;1794;1069;1207;138155;141064;138589;141651;33090;44219;32698;39847;50168;49226;46084;41731;11704;16221;11135;16200;11884;12729;15188;18337;3663;9210;4494;10546;19547;8690;20232;9465;;;;
119;Essen II;5;156298;163326;156298;163326;105472;110369;105472;110369;1274;1615;1063;1154;104198;108754;104409;109215;23735;28912;21039;25606;39410;40601;35363;34727;12015;17153;11521;16339;6976;7207;9531;10583;4325;8555;4525;9524;12647;5846;13971;6746;;;;
120;Essen III;5;190335;192918;190335;192918;152860;153336;152860;153336;1013;1232;797;927;151847;152104;152063;152409;46635;56393;37053;45826;45612;46829;42629;37699;8225;12306;8398;12735;10871;12639;17995;23068;5030;9846;6117;12574;28745;12511;30764;14312;;;;
121;Recklinghausen I;5;165193;169267;165193;169267;121640;123958;121640;123958;1121;1716;903;1074;120519;122242;120737;122884;30845;37792;27988;35108;49437;47257;42552;38822;11087;13953;10927;14777;8481;8791;11989;12674;3605;8043;4239;8970;12833;6079;15180;7132;;;;
122;Recklinghausen II;5;186413;189376;186413;189376;137841;140795;137841;140795;1467;4648;1103;1285;136374;136147;136738;139510;38325;46982;33610;41079;51050;56019;48563;44224;13108;;12522;17387;11283;13903;13571;14759;3881;11502;4084;9201;14836;6363;15627;7189;;;;
123;Gelsenkirchen;5;168496;175210;168496;175210;112317;119414;112317;119414;1233;1993;1033;1348;111084;117421;111284;118066;21954;29768;22091;26452;44965;45017;41326;39524;15555;19836;14204;20113;9014;7864;9721;10834;3559;7614;3853;8703;11286;5444;11170;5489;;;;
124;Steinfurt I – Borken I;5;202388;202192;202388;202192;156894;154606;156894;154606;1176;1424;975;1028;155718;153182;155919;153578;62322;78579;52625;67425;44047;39584;44788;35466;8482;9265;8385;9719;14515;10082;17783;19339;3699;7554;4469;8433;18743;8118;20525;9142;;;;
125;Bottrop – Recklinghausen III;5;199344;202793;199344;202793;148734;151842;148734;151842;1378;1983;1111;1328;147356;149859;147623;150514;39834;50334;36814;44967;57560;55128;51637;47013;14075;17756;13899;18710;11352;9667;14647;15741;3887;9505;4484;10292;15144;6522;16434;7248;;;;
126;Borken II;5;201103;199978;201103;199978;162159;158146;162159;158146;1260;2375;883;1090;160899;155771;161276;157056;70334;81496;59102;73881;40851;39412;42303;33697;7909;;7724;9405;13404;14216;19081;20609;3928;6969;3914;6540;20028;10496;21738;9220;;;;
127;Coesfeld – Steinfurt II;5;194695;192946;194695;192946;161064;156813;161064;156813;1118;2434;882;987;159946;154379;160182;155826;65402;79677;55230;68636;40145;36250;42647;32787;7241;;7339;9496;12409;16195;17927;21116;4242;9577;4093;8394;27069;12680;25506;11667;;;;
128;Steinfurt III;5;195513;195571;195513;195571;155635;152541;155635;152541;1292;1364;1103;1158;154343;151177;154532;151383;52445;67678;42528;57215;48068;45797;50555;41815;8785;9530;9253;10342;11394;8533;16113;17205;4611;8520;4723;9692;23978;9857;23996;11026;;;;
129;Münster;5;233953;232294;233953;232294;196276;191090;196276;191090;981;1236;820;964;195295;189854;195456;190126;51096;70606;43790;62276;47047;54778;45844;39714;5234;8569;5603;9393;13038;13219;20786;25684;7078;13024;9746;19287;63160;24248;60036;27739;;;;
130;Warendorf;5;208754;209604;208754;209604;165808;163531;165808;163531;1443;1945;1186;1387;164365;161586;164622;162144;59631;75017;51722;65357;50685;45094;47648;38992;10211;11078;10533;12025;12768;11291;18193;21175;4074;7738;4525;8997;21245;8968;23309;10815;;;;
131;Gütersloh I;5;234177;234272;234177;234272;179726;176708;179726;176708;1604;2082;1378;1681;178122;174626;178348;175027;71185;81298;52421;67175;45878;48942;47371;40104;12812;13996;13299;15081;13507;11401;21211;22848;4284;7582;5173;10595;22851;9992;28308;13817;;;;
132;Bielefeld – Gütersloh II;5;243059;246216;243059;246216;185345;186152;185345;186152;1481;2075;1182;1536;183864;184077;184163;184616;40928;56485;37355;50995;55234;61086;50009;46883;12294;15028;12448;16514;17793;13495;20658;21364;9905;16489;11462;20522;40015;17728;40161;20567;;;;
133;Herford – Minden-Lübbecke II;5;226894;228976;226894;228976;170464;168664;170464;168664;1646;2072;1408;1617;168818;166592;169056;167047;45138;59571;39769;52994;61554;61205;53359;47940;15855;16633;16144;18098;14021;9411;19884;19186;5332;9353;6038;11589;18090;8444;22732;11485;;;;
134;Minden-Lübbecke I;5;201888;204203;201888;204203;152935;151181;152935;151181;1419;1651;1363;1508;151516;149530;151572;149673;39679;53057;35814;49160;58168;55868;49351;43966;13445;14796;13892;15829;12494;10575;17486;16865;3940;7862;4857;9432;15886;7372;19762;9625;;;;
135;Lippe I;5;224415;227196;224415;227196;172402;171391;172402;171391;1897;2207;1531;1819;170505;169184;170871;169572;44650;61064;39001;52949;52359;54022;53130;46815;16221;16829;16789;18300;16648;13764;20221;20984;5283;9891;6414;11880;26932;11252;23276;12613;;;;
136;Höxter – Gütersloh III – Lippe II;5;172435;174634;172435;174634;134346;133105;134346;133105;1416;1705;1258;1460;132930;131400;133088;131645;53294;63213;43265;52382;37210;32564;36253;30883;11244;12130;11533;12635;9462;8779;15488;16651;3345;6331;3762;7566;12685;6630;14717;7434;;;;
137;Paderborn;5;231534;229056;231534;229056;178377;171804;178377;171804;1540;1660;1395;1396;176837;170144;176982;170408;84669;91163;58419;69450;33513;33516;39089;31904;13152;15380;14360;16893;9845;9188;21877;22800;5532;8926;5858;11433;22926;10305;26981;12628;;;;
138;Hagen – Ennepe-Ruhr-Kreis I;5;201594;207384;201594;207384;144751;150044;144751;150044;1651;1745;1142;1250;143100;148299;143609;148794;37718;44948;34210;42972;47581;58206;47400;43548;14419;16716;13760;17622;13531;11727;16179;18722;4552;8045;4857;10743;17954;5752;17237;8673;;;;
139;Ennepe-Ruhr-Kreis II;5;175283;178506;175283;178506;136706;137632;136706;137632;1252;3256;1006;1208;135454;134376;135700;136424;33357;44273;29855;37284;47993;49333;45664;40767;9731;;9654;13190;11530;14175;14432;17270;3715;10804;5029;11092;21734;11538;21941;11142;;;;
140;Bochum I;5;202393;206460;202393;206460;154691;156941;154691;156941;2624;1924;1103;1237;152067;155017;153588;155704;32962;43773;29811;39580;58235;57655;50162;46243;;14775;10232;15190;13657;10923;14583;17449;9361;15462;8225;15953;28288;11937;30795;13862;;;;
141;Herne – Bochum II;5;173939;179247;173939;179247;123045;127974;123045;127974;1535;2230;1204;1484;121510;125744;121841;126490;24027;30361;23164;29629;52792;52672;46578;43312;11863;16799;11882;17001;8455;8448;10623;11560;4667;10064;5029;10860;14262;6992;15383;7414;;;;
142;Dortmund I;5;206727;211316;206727;211316;155814;156097;155814;156097;1098;1571;940;1174;154716;154526;154874;154923;30051;44228;27797;37967;51037;59990;50117;46424;10577;14644;10746;15197;10416;9063;14550;17193;5908;11874;7566;15506;26308;11281;31867;14702;;;;
143;Dortmund II;5;199317;203300;199317;203300;143855;143834;143855;143834;1298;1945;1065;1418;142557;141889;142790;142416;28897;39933;27650;34822;55695;55038;51080;46513;11816;15074;11290;15510;10270;9031;13629;15403;5823;12242;6361;12924;21028;9047;21714;10190;;;;
144;Unna I;5;194493;197873;194493;197873;148083;150831;148083;150831;1322;1446;1147;1251;146761;149385;146936;149580;36810;47452;31995;40697;59869;58019;53490;50205;11736;13558;11428;14689;9137;9635;15286;17196;4731;8048;5154;10313;20340;9600;20022;10254;;;;
145;Hamm – Unna II;5;231226;235213;231226;235213;168760;171524;168760;171524;1708;1956;1332;1789;167052;169568;167428;169735;44266;59700;40444;51475;67774;61717;59227;53467;15562;17713;15497;19068;12058;9970;16764;17678;6285;9949;5694;11837;16958;7409;19149;8938;;;;
146;Soest;5;231811;232301;231811;232301;179003;174364;179003;174364;1554;1872;1174;1290;177449;172492;177829;173074;58791;73595;51697;62764;54614;50458;51061;43184;13992;15311;14206;16165;17826;13681;21005;23296;5548;9756;5520;11702;22154;9459;24089;10723;;;;
147;Hochsauerlandkreis;5;200496;202768;200496;202768;156518;154014;156518;154014;1101;1399;1024;1200;155417;152615;155494;152814;62810;73185;52017;63651;50056;41047;44640;34865;10068;11115;11532;12216;10806;12893;18712;21919;2685;6452;3989;8183;12478;6476;15473;7198;;;;
148;Siegen-Wittgenstein;5;207672;212912;207672;212912;162162;162306;162162;162306;1336;1605;1164;1347;160826;160701;160998;160959;54042;64484;42161;54648;48897;48560;50327;42551;14424;15728;14709;17154;13586;11742;18597;19125;4900;9554;5726;12624;16624;6885;17842;8857;;;;
149;Olpe – Märkischer Kreis I;5;203350;206716;203350;206716;154830;152542;154830;152542;1446;1782;1159;1253;153384;150760;153671;151289;56879;72158;50364;61394;45366;39699;42362;35269;13104;13306;13100;13847;15944;13230;19227;20758;3935;7197;4150;8205;13645;5170;15243;6866;;;;
150;Märkischer Kreis II;5;195816;200546;195816;200546;143689;145474;143689;145474;1229;3381;1081;1252;142460;142093;142608;144222;47937;53714;40368;49061;43346;54890;42230;37193;12933;;13082;16688;12749;15221;17125;19328;4668;11113;4804;9427;12866;5356;14880;7060;;;;
5;Nordrhein-Westfalen;99;13040267;13174577;13040267;13174577;9960984;9938461;9960984;9938461;92465;124291;72954;85084;9868519;9814170;9888030;9853377;2973458;3756952;2566719;3214013;3068628;3073698;2880226;2557876;705020;799777;717510;928425;851337;787235;1130154;1293052;317869;626631;366947;736904;1500696;641360;1587067;744970;;;;
;;;;;;;;;;;;;;;;;;;;;;;;;;;;;;;;;;;;;;;;;;;;;;
151;Nordsachsen;14;161279;163916;161279;163916;119206;118170;119206;118170;1541;1732;1449;1607;117665;116438;117757;116563;26883;38207;23000;34321;22257;16248;24732;14519;32702;31244;32066;31301;10251;7641;12476;9189;9446;20028;8868;17173;5883;3070;5462;3021;;;;
152;Leipzig I;14;224100;220654;224100;220654;167696;161407;167696;161407;1569;1626;1277;1477;166127;159781;166419;159930;34107;43919;24953;37622;33588;26330;34748;20674;26450;32702;25891;33291;13397;9074;17660;13565;25436;31132;20884;31137;19778;8735;25848;11300;;;;
153;Leipzig II;14;231178;227718;231178;227718;180880;175198;180880;175198;1421;1562;1043;1414;179459;173636;179837;173784;29538;42778;23561;38111;29731;23787;37634;22725;20667;25968;20213;27774;13271;10052;17439;14866;40938;43948;26472;39058;32995;17273;38264;18154;;;;
154;Leipzig-Land;14;212853;215616;212853;215616;162283;161321;162283;161321;2042;2317;1836;1930;160241;159004;160447;159391;39066;54152;32711;47944;31989;18221;34104;18139;39348;45563;38458;42823;15698;10048;18322;12859;12672;24801;12362;23368;8056;6219;9381;5157;;;;
155;Meißen;14;197004;201310;197004;201310;149341;152988;149341;152988;1904;2056;1747;2075;147437;150932;147594;150913;32924;55326;25912;39406;22771;13486;26045;13148;45705;46765;43940;49615;13727;7991;17212;13156;10344;19122;10725;20111;7590;5051;8872;5531;;;;
156;Bautzen I;14;206895;213990;206895;213990;159233;161319;159233;161319;2098;2443;2145;2477;157135;158876;157088;158842;40929;48579;29213;42995;21006;15836;26674;14378;52492;52770;50050;52041;12634;9247;17187;12122;14134;24221;12272;22597;4090;3247;6247;3768;;;;
157;Görlitz;14;204105;213021;204105;213021;153057;156089;153057;156089;2234;2446;2064;2369;150823;153643;150993;153720;39299;48256;27630;41000;18928;16801;25441;14249;53970;49834;49123;50551;11222;7661;15039;10810;11835;20853;11327;21534;6182;4995;7358;4476;;;;
158;Sächsische Schweiz-Osterzgebirge;14;199703;202580;199703;202580;154159;156342;154159;156342;2120;2443;2005;1967;152039;153899;152154;154375;29176;44354;26028;39581;17505;11100;23545;12040;50203;57554;48580;54749;12920;9933;17814;12795;15215;22614;11653;19708;6830;4575;8023;4643;;;;
159;Dresden I;14;228643;232636;228643;232636;181120;182849;181120;182849;1577;2202;1394;1731;179543;180647;179726;181118;37811;44388;27710;44104;26271;23906;34125;19246;33780;40380;32122;41812;18588;13590;21989;18610;33872;37936;18910;31004;17137;11765;27369;13936;;;;
160;Dresden II – Bautzen II;14;234432;235464;234432;235464;189409;186818;189409;186818;1649;2125;1404;1654;187760;184693;188005;185164;35014;47185;26037;42792;28700;20593;30620;17977;34979;41202;36003;43126;20711;12843;22884;17684;22160;32397;20913;32040;25527;15839;31265;16588;;;;
161;Mittelsachsen;14;193828;201629;193828;201629;147733;150648;147733;150648;2005;1974;1741;1759;145728;148674;145992;148889;34638;48230;25603;41189;25727;17782;27000;14487;48725;46827;43821;46522;14420;8652;16897;11767;12164;20785;11687;21582;5398;4626;6822;4112;;;;
162;Chemnitz;14;188691;195929;188691;195929;140700;147218;140700;147218;1371;1665;1121;1347;139329;145553;139579;145871;25801;38653;20713;36270;34958;22413;32616;17373;30502;34958;30089;35456;13934;9535;15781;12184;15229;28213;15008;28010;9934;6157;12680;6818;;;;
163;Chemnitzer Umland – Erzgebirgskreis II;14;177211;183483;177211;183483;137423;138891;137423;138891;1664;2221;1441;1708;135759;136670;135982;137183;32111;48012;24662;41947;23181;14142;27518;14524;39264;36388;37181;36746;11872;10345;15117;10542;11330;23174;11166;20972;5617;4609;6138;3850;;;;
164;Erzgebirgskreis I;14;210941;220917;210941;220917;161756;166701;161756;166701;2261;3149;2121;2730;159495;163552;159635;163971;40550;56716;31340;50759;23650;14707;28848;15452;50571;49465;48794;47952;11914;11820;16210;12106;12787;24808;12078;23090;4001;4334;5194;3661;;;;
165;Zwickau;14;197831;207606;197831;207606;147142;150950;147142;150950;1854;7570;1596;2121;145288;143380;145546;148829;30798;48347;27024;45106;24094;18219;30718;16131;37135;;36601;38964;13991;19181;15431;11253;22583;36881;13629;24665;5988;6513;7134;4327;;;;
166;Vogtlandkreis;14;184973;193081;184973;193081;137816;142775;137816;142775;2065;2420;1673;1914;135751;140355;136143;140861;37637;49104;26782;42604;26413;15538;30436;16043;36388;36428;34112;37217;11512;7836;13708;10154;12655;21809;12058;22578;6378;5292;6263;4266;;;;
14;Sachsen;99;3253667;3329550;3253667;3329550;2488954;2509684;2488954;2509684;29375;39951;26057;30280;2459579;2469733;2462897;2479404;546282;756206;422879;665751;410769;289109;474804;261105;632881;628048;607044;669940;220062;165449;271166;203662;282800;432722;230012;398627;171384;112300;212320;113608;;;;
;;;;;;;;;;;;;;;;;;;;;;;;;;;;;;;;;;;;;;;;;;;;;;
167;Waldeck;6;184073;186825;184073;186825;138130;142852;138130;142852;2140;2214;2087;2119;135990;140638;136043;140733;35734;47269;30392;42232;51613;49341;49064;43446;12536;15438;12899;16411;12062;9930;15288;13918;4208;8600;4441;9891;13581;8062;14775;9660;;;;
168;Kassel;6;218474;222451;218474;222451;162809;167855;162809;167855;2213;2577;1980;2452;160596;165278;160829;165403;32765;44425;28183;41736;57919;58759;51812;46769;11348;16501;12141;17288;12966;9759;16448;15046;9357;14472;10518;18677;27744;15466;30348;18935;;;;
169;Werra-Meißner – Hersfeld-Rotenburg;6;171886;175992;171886;175992;130905;133726;130905;133726;1865;2494;1879;2659;129040;131232;129026;131067;34527;39302;27867;38531;56383;54033;48579;42737;14204;16411;14899;17173;7135;6594;12807;11096;3890;7281;4524;8746;8032;5236;11595;7843;;;;
170;Schwalm-Eder;6;185944;188074;185944;188074;141494;145743;141494;145743;2240;2656;2323;2691;139254;143087;139171;143052;33443;43514;29913;41795;54792;53892;50100;44847;14380;17198;15047;18504;12234;9298;15422;13118;3761;7852;4411;9270;12360;8003;14089;9436;;;;
171;Marburg;6;181588;183296;181588;183296;141581;142365;141581;142365;1503;1799;1312;1579;140078;140566;140269;140786;36528;46888;31042;42377;51630;50214;42098;37202;12591;14378;12558;16125;9334;6044;14789;12191;6588;11557;8089;14420;18709;8989;22347;13088;;;;
172;Lahn-Dill;6;206532;208744;206532;208744;153384;155002;153384;155002;2339;2448;1984;2201;151045;152554;151400;152801;45441;58417;37725;51125;49923;45375;44546;37794;15816;17874;17513;20931;12060;9590;17327;14821;4756;7116;5102;10210;13754;8909;16957;10768;;;;
173;Gießen;6;217514;217806;217514;217806;161919;166621;161919;166621;2144;2463;2217;2308;159775;164158;159702;164313;47283;57610;36201;49518;48514;46216;44046;39252;14496;18918;14836;20358;12109;12641;17106;16926;6339;10346;8028;13798;21249;13619;26109;15898;;;;
174;Fulda;6;208542;209966;208542;209966;163560;161981;163560;161981;1895;2682;1856;3299;161665;159299;161704;158682;61573;71946;50312;61811;35168;32150;36343;28745;24508;27990;21443;25145;13894;8437;20528;17122;4648;7669;4447;9266;13833;8874;16324;10593;;;;
175;Main-Kinzig – Wetterau II – Schotten;6;178307;179307;178307;179307;137070;138193;137070;138193;2186;2324;2033;2167;134884;135869;135037;136026;37118;49479;32685;43147;41160;38462;36943;32069;17586;20172;17079;20927;15098;8326;17046;14144;4078;8007;4308;8938;12691;7346;15009;9614;;;;
176;Hochtaunus;6;179842;181516;179842;181516;144012;146315;144012;146315;1556;2055;1330;1706;142456;144260;142682;144609;44549;57579;37331;48436;38424;33201;35171;28947;10709;15075;11156;16132;16132;14954;21996;21713;3772;8556;4441;9562;21769;12884;22486;14074;;;;
177;Wetterau I;6;176897;176435;176897;176435;138935;138853;138935;138853;2010;1932;1678;1633;136925;136921;137257;137220;38807;49891;32419;43951;40618;39773;35909;31152;11318;14987;11680;15895;15000;11047;19043;17462;3904;6719;4905;9249;18996;11368;21917;13002;;;;
178;Rheingau-Taunus – Limburg;6;220466;220342;220466;220342;172247;173627;172247;173627;2267;2289;1765;2002;169980;171338;170482;171625;51318;71555;44413;59346;48441;43427;43708;35604;13547;17439;14523;20399;18126;13053;23745;22650;4563;9394;5395;11069;24418;12020;25328;15273;;;;
179;Wiesbaden;6;186735;189372;186735;189372;136214;139775;136214;139775;1607;1810;1348;1546;134607;137965;134866;138229;35375;47309;28523;40022;34750;39396;33546;29247;9192;14417;9588;15496;13995;9693;18947;18400;6652;10558;7128;13160;25811;12321;26818;16286;;;;
180;Hanau;6;176271;177469;176271;177469;131412;134190;131412;134190;2036;2131;1760;1867;129376;132059;129652;132323;36019;46656;29223;39126;40291;40185;35739;31150;13364;16907;13257;18626;13106;8418;17158;15185;4462;7715;4948;10006;15995;8054;18258;11345;;;;
181;Main-Taunus;6;195514;197291;195514;197291;157718;160647;157718;160647;1782;2122;1437;1788;155936;158525;156281;158859;51985;66490;42260;54902;35493;34527;34468;28786;10588;15319;10427;16395;20295;17224;26335;26571;4272;7887;4708;9504;26373;14458;26771;16752;;;;
182;Frankfurt am Main I;6;201216;199775;201216;199775;145010;144841;145010;144841;1507;1792;1247;1614;143503;143049;143763;143227;31163;43663;25915;37221;41604;38704;32499;29743;7909;12892;7846;13342;16369;13185;21361;19989;12562;13934;10384;17179;26922;15596;33821;19475;;;;
183;Frankfurt am Main II;6;227207;223942;227207;223942;175004;172393;175004;172393;1752;1824;1353;1620;173252;170569;173651;170773;38995;55221;31660;45731;40431;44240;38777;33511;7990;13033;8188;13737;19766;13877;25530;24336;10629;15523;11901;20059;50230;23026;44370;26415;;;;
184;Groß-Gerau;6;174082;174727;174082;174727;129261;133318;129261;133318;1925;2461;1677;2138;127336;130857;127584;131180;35334;45963;27301;39950;42598;42342;37973;33318;10880;14805;11246;15943;10726;7358;14999;12645;5047;8729;5394;10755;14890;8877;18928;11862;;;;
185;Offenbach;6;219511;220194;219511;220194;158052;163580;158052;163580;2331;2597;2238;2286;155721;160983;155814;161294;43347;58565;35754;49302;41035;40106;38799;34519;11851;18047;12098;19050;14828;12420;20625;20372;7497;12435;7787;14261;26229;14246;27062;16421;;;;
186;Darmstadt;6;240763;242622;240763;242622;188916;192508;188916;192508;2462;2733;1888;2133;186454;189775;187028;190375;42351;58216;34472;52218;51046;56442;49273;42638;11210;17227;12194;18654;17192;11739;22256;20893;9332;16146;10764;19508;44364;26939;41948;27317;;;;
187;Odenwald;6;233901;234422;233901;234422;179830;184974;179830;184974;3020;3143;2704;2745;176810;181831;177126;182229;49367;65654;42857;59635;57172;52761;49518;42516;14963;21347;15983;22258;17110;13139;22433;19948;5991;11138;6333;13433;21630;14181;24694;16084;;;;
188;Bergstraße;6;197782;198418;197782;198418;153176;156082;153176;156082;1926;2343;1733;1988;151250;153739;151443;154094;46125;59781;37064;51088;41124;41408;41124;34435;14351;19153;14377;19923;16175;11711;20432;18196;4149;8511;4629;10197;20955;11747;21457;13595;;;;
6;Hessen;99;4383047;4408986;4383047;4408986;3340639;3395441;3340639;3395441;44706;50889;39829;46541;3295933;3344552;3300810;3348900;909147;1185393;753512;1033200;1000129;974954;910035;788427;285337;375528;290978;398712;315712;238437;421621;386742;130457;220145;142585;271158;480535;270221;521411;323736;;;;
;;;;;;;;;;;;;;;;;;;;;;;;;;;;;;;;;;;;;;;;;;;;;;
189;Eichsfeld – Nordhausen – Kyffhäuserkreis;16;209203;216673;209203;216673;154488;158339;154488;158339;1998;2264;1810;2410;152490;156075;152678;155929;40599;59318;33662;52667;34010;22320;37282;21652;34645;33402;34296;32854;10348;7633;13695;11974;16586;23848;15166;22613;5901;3992;7176;4778;;;;
190;Eisenach – Wartburgkreis – Unstrut-Hainich-Kreis;16;212267;219822;212267;219822;156113;161171;156113;161171;2105;2298;1892;2244;154008;158873;154221;158927;35415;54657;28249;47735;36729;24176;38363;22899;38166;33644;37737;35402;8869;7983;13258;11399;17216;24607;15872;24879;5447;4990;7469;5523;;;;
191;Jena – Sömmerda – Weimarer Land I;16;198697;203210;198697;203210;154163;155210;154163;155210;1912;2315;1588;1854;152251;152895;152575;153356;28170;44684;23869;42092;30673;21668;34195;19150;29578;29451;30263;30426;10686;8939;14070;13310;25741;32680;19505;28312;14656;7544;16709;9497;;;;
192;Gotha – Ilm-Kreis;16;190519;196466;190519;196466;142566;146721;142566;146721;1982;2461;1918;2180;140584;144260;140648;144541;25918;41744;21820;40144;33085;26892;33437;20210;37249;34524;36522;34818;9494;8721;12126;11122;15579;22462;15454;22699;6498;4769;8100;5365;;;;
193;Erfurt – Weimar – Weimarer Land II;16;217944;221922;217944;221922;166604;168235;166604;168235;1942;2310;1606;2077;164662;165925;164998;166158;28639;45305;23580;42168;40185;30257;39378;23535;27235;28960;26803;30166;12309;9975;15504;14260;26972;30948;23055;32239;19483;11722;21831;12666;;;;
194;Gera – Greiz – Altenburger Land;16;229588;240738;229588;240738;168147;176933;168147;176933;2517;2820;2104;2541;165630;174113;166043;174392;33067;52980;27303;47690;36760;20627;36326;19845;48034;47558;46659;47275;14273;9712;16212;14315;19421;32573;18666;30402;6293;3652;7331;4709;;;;
195;Saalfeld-Rudolstadt – Saale-Holzland-Kreis – Saale-Orla-Kreis;16;219437;227191;219437;227191;166531;170493;166531;170493;2037;2511;1908;2108;164494;167982;164623;168385;34489;51954;27008;47445;30791;19585;35019;20259;48177;44422;46381;43318;12343;10248;15428;13107;19968;28714;18489;27874;6292;5690;7383;5093;;;;
196;Suhl – Schmalkalden-Meiningen – Hildburghausen – Sonneberg;16;230071;240992;230071;240992;171108;174950;171108;174950;2146;2406;1983;2190;168962;172544;169125;172760;37729;57871;27923;52317;56791;23277;42446;23482;35887;39505;44572;39810;10686;8368;13990;11642;14135;31362;18486;29194;3615;4560;7221;5709;;;;
16;Thüringen;99;1707726;1767014;1707726;1767014;1279720;1312052;1279720;1312052;16639;19385;14809;17604;1263081;1292667;1264911;1294448;264026;408513;213414;372258;299024;188802;296446;171032;298971;291466;303233;294069;89008;71579;114283;101129;155618;227194;144693;218212;68185;46919;83220;53340;;;;
;;;;;;;;;;;;;;;;;;;;;;;;;;;;;;;;;;;;;;;;;;;;;;
197;Neuwied;7;238118;239284;238118;239284;181837;181607;181837;181607;2058;3402;1544;2547;179779;178205;180293;179060;57430;76933;48338;68357;54320;50996;54018;45447;16810;16954;17504;19273;15931;10898;20751;18071;5005;9521;5417;11338;16559;9449;18930;10738;;;;
198;Ahrweiler;7;195109;195618;195109;195618;148466;151587;148466;151587;1861;1992;1379;1598;146605;149595;147087;149989;50281;64006;41942;60937;44325;40944;42303;34113;10823;13105;11322;14437;12124;12981;17484;17397;3537;6790;3851;8519;15553;8616;17685;10059;;;;
199;Koblenz;7;193035;196999;193035;196999;147127;151153;147127;151153;1815;2144;1224;1524;145312;149009;145903;149629;46073;61594;37958;56616;43416;42777;42817;35679;9753;12153;10426;13701;11179;9732;16371;16152;4054;7693;4804;10332;17980;9273;21007;11862;;;;
200;Mosel/Rhein-Hunsrück;7;171102;172876;171102;172876;134717;135519;134717;135519;2348;2691;1455;1815;132369;132828;133262;133704;45364;58596;38664;55606;35570;33477;38015;30799;10646;10834;11061;11996;15664;11544;16664;14924;;7040;3725;8143;12833;6465;12230;7487;;;;
201;Kreuznach;7;182380;185172;182380;185172;138109;139908;138109;139908;2008;2114;1451;1697;136101;137794;136658;138211;39589;50975;33433;47189;44976;43373;44259;37906;12972;14914;13510;16198;9753;9342;15704;13654;4294;7610;4454;9493;9958;6750;12903;8629;;;;
202;Bitburg;7;163493;164480;163493;164480;124449;126879;124449;126879;1852;2497;1395;1831;122597;124382;123054;125048;46340;63719;37086;55591;33632;32017;34343;27255;7947;8840;8794;10058;9011;8703;13997;12888;2875;6786;3265;7433;8512;;11411;7710;;;;
203;Trier;7;190530;192846;190530;192846;147171;151551;147171;151551;1738;2213;1540;1670;145433;149338;145631;149881;40299;56611;34578;55882;47942;50283;44123;36950;8230;10414;9001;11926;10135;7910;16206;13841;5126;9842;5712;12934;18939;9645;22708;13512;;;;
204;Montabaur;7;210816;210114;210816;210114;164165;163520;164165;163520;2172;4823;1454;1761;161993;158697;162711;161759;48607;68727;43125;60594;50975;47312;49346;39906;14090;;14565;17826;15101;14543;19021;17703;4483;11098;4690;9576;14176;8225;16832;10058;;;;
205;Mainz;7;249630;248996;249630;248996;202670;202534;202670;202534;2669;2215;1382;1655;200001;200319;201288;200879;47153;71535;42659;65713;49878;56184;53889;44203;10360;14542;10833;16535;14408;13813;23178;22608;24863;12904;9418;17148;37319;21685;46183;26415;;;;
206;Worms;7;212943;213627;212943;213627;166636;169793;166636;169793;2491;2617;1814;2128;164145;167176;164822;167665;52827;68685;37548;54721;49748;44569;49656;42471;16043;18902;17033;21978;12966;10058;20095;17543;5070;8539;5068;10811;15949;11280;20799;13449;;;;
207;Ludwigshafen/Frankenthal;7;210969;215595;210969;215595;154911;161867;154911;161867;2122;2686;1653;2410;152789;159181;153258;159457;38193;51168;33726;49226;50108;50740;45895;39822;17740;23109;18075;24641;13688;11910;18421;16321;4648;8979;4651;10614;17061;8700;18128;11621;;;;
208;Neustadt – Speyer;7;219416;220550;219416;220550;173828;176425;173828;176425;2178;2704;1506;2088;171650;173721;172322;174337;51770;69504;41322;61407;48158;44032;47121;37894;17204;20593;17499;22070;14624;11734;21823;19251;4535;8207;4880;10537;20869;13156;23949;15389;;;;
209;Kaiserslautern;7;224701;229114;224701;229114;169206;172316;169206;172316;2409;2937;1742;2552;166797;169379;167464;169764;35803;53022;33226;49400;56523;57482;54460;47986;20002;21378;20702;23206;11870;9256;17242;15519;6753;12277;6383;13548;14589;8618;17611;11360;;;;
210;Pirmasens;7;174093;177687;174093;177687;132470;135065;132470;135065;2004;2830;1747;2349;130466;132235;130723;132716;39236;48719;33507;47455;39711;38028;38261;32794;16512;16989;17178;18652;9895;8846;14374;11803;3678;8019;4207;9511;7891;5544;9877;6156;;;;
211;Südpfalz;7;217000;217633;217000;217633;171259;172369;171259;172369;1627;2358;1583;1962;169632;170011;169676;170407;47860;68588;39421;59309;47901;44224;47028;37293;16658;20932;17702;23191;17011;10209;21120;17560;5222;8018;5598;10975;19058;13500;22882;14788;;;;
7;Rheinland-Pfalz;99;3053335;3080591;3053335;3080591;2357021;2392093;2357021;2392093;31352;40223;22869;29587;2325669;2351870;2334152;2362506;686825;932382;576533;848003;697183;676438;685534;570518;205790;223659;215205;265688;193360;161479;272451;245235;84143;133323;76123;160912;247246;140906;293135;179233;;;;
;;;;;;;;;;;;;;;;;;;;;;;;;;;;;;;;;;;;;;;;;;;;;;
212;Altötting;9;168656;168221;168656;168221;129441;126786;129441;126786;880;1248;681;876;128561;125538;128760;125910;;;;;14620;15479;18309;15511;14220;16486;13940;18330;9245;7070;13298;11209;3155;6060;2769;6659;11145;7584;12248;8608;55693;68435;44060;55417
213;Erding – Ebersberg;9;200569;198198;200569;198198;168337;163357;168337;163357;1132;1109;734;755;167205;162248;167603;162602;;;;;24205;24131;25693;19943;11448;16689;12228;19366;13226;11889;20228;19407;3355;6418;3648;8352;24840;16607;24620;17768;70656;78212;55992;63525
214;Freising;9;237250;235746;237250;235746;194002;186647;194002;186647;1237;1470;883;1015;192765;185177;193119;185632;;;;;25950;24916;29085;23029;18042;23222;17515;25178;14687;13400;21738;19308;3898;9265;4456;9506;24058;17439;26055;18036;69689;79545;62930;73650
215;Fürstenfeldbruck;9;231905;232125;231905;232125;192779;190769;192779;190769;1489;1469;927;922;191290;189300;191852;189847;;;;;36831;35454;31141;25929;13056;19352;13209;21934;16029;13661;23046;22005;3216;7699;4192;9633;25363;17244;30537;20886;72721;82602;63944;75621
216;Ingolstadt;9;238384;238605;238384;238605;187395;184059;187395;184059;1167;1587;856;1214;186228;182472;186539;182845;;;;;25954;24799;31592;24424;17806;23720;18694;27673;10877;9310;19797;17154;4648;8817;4450;9830;18182;11515;20833;13205;83663;90383;64577;76236
217;München-Nord;9;223683;226436;223683;226436;175551;174196;175551;174196;880;1075;649;668;174671;173121;174902;173528;;;;;38172;45068;33241;28903;7591;13216;8250;14982;19477;16669;25953;26241;6216;10351;7044;14302;42319;22726;44861;29334;44854;55811;39986;49953
218;München-Ost;9;242591;239169;242591;239169;193958;186913;193958;186913;906;1226;687;745;193052;185687;193271;186168;;;;;38243;39621;36106;29744;8066;13822;8978;15959;18104;16451;27112;27459;4907;11655;7080;14124;42367;28278;47647;29866;61159;68255;49286;58483
219;München-Süd;9;214606;216725;214606;216725;172970;170483;172970;170483;841;1086;599;659;172129;169397;172371;169824;;;;;33924;39873;33117;27500;7641;12921;7910;14578;16437;15332;21495;22587;6236;12611;7669;14694;47256;23343;45562;29560;46059;55894;40585;50686
220;München-West/Mitte;9;242252;241282;242252;241282;198272;193399;198272;193399;955;1322;647;778;197317;192077;197625;192621;;;;;39182;44283;37513;30617;7594;12852;8403;14895;19153;17369;26401;26356;6975;13569;8219;16638;53174;31385;54303;35605;53311;64014;45540;57322
221;München-Land;9;234912;235172;234912;235172;199333;197265;199333;197265;1041;1129;723;900;198292;196136;198610;196365;;;;;30237;31943;34189;27490;9816;16458;10489;18470;18180;18312;28696;30054;3685;7708;4449;9996;40475;26890;36817;24837;77523;85347;64669;73189
222;Rosenheim;9;237390;235170;237390;235170;191410;186492;191410;186492;1346;1544;849;1035;190064;184948;190561;185457;;;;;22869;21890;27406;20967;15764;23988;16570;25697;17682;13750;23049;20311;4091;7036;4607;9449;26183;17307;25962;18571;68670;84981;59126;75178
223;Bad Tölz-Wolfratshausen – Miesbach;9;166662;165527;166662;165527;136106;132612;136106;132612;1765;1358;750;795;134341;131254;135356;131817;;;;;15428;14792;18276;14457;;13025;10835;15391;11636;10702;17048;16343;2643;6922;2908;6486;20829;17786;18138;13605;55501;62465;46304;54786
224;Starnberg – Landsberg am Lech;9;214828;213628;214828;213628;180978;177013;180978;177013;1158;1334;714;747;179820;175679;180264;176266;;;;;23985;29308;28584;22332;10715;15607;11066;17460;16585;16893;23893;24950;3701;6983;4446;9594;35809;20864;32663;23111;68617;73948;57906;67512
225;Traunstein;9;208815;208466;208815;208466;163876;160615;163876;160615;1282;1390;817;1046;162594;159225;163059;159569;;;;;27644;25659;25190;18916;12671;16276;14027;19191;12268;9034;15747;14614;3537;7144;3943;8508;17219;12972;19985;14680;59555;80056;51421;71196
226;Weilheim;9;168473;167159;168473;167159;138039;134333;138039;134333;1444;1295;879;766;136595;133038;137160;133567;;;;;19682;19722;19927;15402;9686;13383;10873;16145;8553;9370;14311;13909;2718;6229;3124;7214;16300;12066;18397;12753;57179;63784;48178;57254
227;Deggendorf;9;166186;166659;166186;166659;127193;119455;127193;119455;691;1064;549;701;126502;118391;126644;118754;;;;;19527;20612;19873;16915;17432;20438;17911;22765;6325;4707;10778;8968;1895;4955;2301;5892;6890;5342;8516;5528;47267;52167;42154;48182
228;Landshut;9;246854;245315;246854;245315;195589;189425;195589;189425;1639;1698;823;1235;193950;187727;194766;188190;;;;;22468;25511;30931;24653;19184;23538;19973;27438;22774;15991;20204;19013;3955;6749;4186;9081;21811;12356;20087;13687;70685;74299;64383;74186
229;Passau;9;177563;177387;177563;177387;136625;131350;136625;131350;1145;1179;573;779;135480;130171;136052;130571;;;;;28341;24611;23892;19709;16215;18328;16023;20967;10513;7900;12782;11918;2681;6246;3093;7357;12098;7248;12645;8393;41530;61835;44215;52937
230;Rottal-Inn;9;173632;173163;173632;173163;133885;127840;133885;127840;1438;1272;639;825;132447;126568;133246;127015;;;;;15794;18142;19108;16207;16808;19081;16384;21024;10210;8931;12904;11563;1912;4971;2487;5699;10188;6219;9495;6647;46493;56767;45687;54087
231;Straubing;9;173772;173953;173772;173953;132955;129424;132955;129424;877;1374;712;1215;132078;128050;132243;128209;;;;;16312;21525;19938;17512;16794;19261;17402;23576;6895;5670;11603;10308;1936;4766;2468;5590;8613;4602;8964;5846;58487;60976;46742;53712
232;Amberg;9;216071;215876;216071;215876;173297;169507;173297;169507;1300;1657;939;1302;171997;167850;172358;168205;;;;;27476;25580;31547;26080;17822;18790;17958;21550;10213;8388;15067;12854;4158;7461;4095;8948;13908;11612;16191;11997;69278;80075;60430;71720
233;Regensburg;9;248192;247794;248192;247794;198937;194824;198937;194824;1225;1835;762;1090;197712;192989;198175;193734;;;;;32850;32392;34563;28112;16557;22677;17343;24928;13754;12014;18773;17415;6023;11600;6798;13096;30333;18135;32094;20108;69842;77207;61187;73135
234;Schwandorf;9;222424;221540;222424;221540;174957;166505;174957;166505;1202;3519;812;1297;173755;162986;174145;165208;;;;;39615;38931;31209;26592;23142;598;23508;28703;7341;7632;12650;10912;3043;8090;3394;7502;7934;6380;11179;7526;60924;78743;59430;68412
235;Weiden;9;165807;168415;165807;168415;132247;130514;132247;130514;823;2323;891;1172;131424;128191;131356;129342;;;;;29573;28614;29461;24631;13523;;14898;17411;6303;5269;9601;8479;2315;5677;2830;6204;6633;4553;9170;6426;50575;59285;46451;55691
236;Bamberg;9;182586;182513;182586;182513;148660;145222;148660;145222;865;1089;592;801;147795;144133;148068;144421;;;;;28123;29475;25698;22529;13279;16603;14284;18392;9821;9364;14336;13776;3625;7504;4676;9351;22728;13194;21898;14279;54726;60675;49463;56138
237;Bayreuth;9;162430;163934;162430;163934;129136;127222;129136;127222;806;1051;606;693;128330;126171;128530;126529;;;;;24840;26785;26584;23198;10777;11845;11636;13566;9182;8368;12020;11369;2577;5476;3294;7022;14064;8936;15647;9994;54465;58665;43768;53063
238;Coburg;9;156571;159654;156571;159654;123864;123200;123864;123200;921;1507;704;1021;122943;121693;123160;122179;;;;;32056;32163;31087;27553;11878;12763;12836;14208;6369;5877;10683;9967;2337;6305;3118;6895;10581;7129;11459;8155;44890;55078;39343;48410
239;Hof;9;162872;167552;162872;167552;125334;126918;125334;126918;879;1060;775;1126;124455;125858;124559;125792;;;;;29763;29641;30426;27775;14705;14893;14560;16605;6493;4716;10552;9890;2651;5560;3004;7185;7941;5936;9628;6989;51312;59182;41308;48772
240;Kulmbach;9;168923;170897;168923;170897;137178;135072;137178;135072;781;1395;671;1160;136397;133677;136507;133912;;;;;22103;21494;27009;23675;14416;15497;15774;17997;6480;5381;11399;10335;2448;5057;2982;6431;10165;5880;11966;7966;65163;74105;49389;58112
241;Ansbach;9;243174;243760;243174;243760;192508;185955;192508;185955;1514;2052;1022;1537;190994;183903;191486;184418;;;;;33819;33755;37642;31464;18418;19396;19142;21734;13016;7661;16213;13825;3798;11179;4904;12208;21343;13946;22325;16239;73312;81431;63299;74425
242;Erlangen;9;187299;186411;187299;186411;155377;152568;155377;152568;946;929;669;714;154431;151639;154708;151854;;;;;32036;31649;30146;26208;10669;12211;10872;14516;10382;8977;16062;15363;;8892;5817;11410;29923;16586;31222;20238;54223;64783;44664;54204
243;Fürth;9;250730;249810;250730;249810;197939;194222;197939;194222;1438;1674;996;1360;196501;192548;196943;192862;;;;;47153;44371;42329;36459;16858;20427;17692;22470;12883;10354;18765;17155;6221;13052;6946;15147;27111;18681;29778;20164;65876;76543;58976;67682
244;Nürnberg-Nord;9;188283;192214;188283;192214;145212;146205;145212;146205;1006;1282;726;902;144206;144923;144486;145303;;;;;31616;37068;30232;26456;8485;13398;8887;14503;10882;10379;14692;15412;7726;14511;8627;16962;32541;18463;34055;21909;41027;45340;34349;40106
245;Nürnberg-Süd;9;177316;181809;177316;181809;129560;132085;129560;132085;1137;1410;847;1107;128423;130675;128713;130978;;;;;31098;34621;29195;27467;13123;17270;12901;18679;8777;7632;11495;11199;5184;10772;4893;11640;15566;10163;17687;12166;44192;46511;38663;40882
246;Roth;9;229279;227560;229279;227560;189675;185895;189675;185895;1392;1709;945;1341;188283;184186;188730;184554;;;;;31806;37920;38786;34040;14944;18925;16043;21317;12596;8583;16974;15990;5076;8887;4950;11635;25140;14465;26197;18033;71478;81874;60980;69743
247;Aschaffenburg;9;182652;183362;182652;183362;146772;144938;146772;144938;1234;2048;1052;1508;145538;142890;145720;143430;;;;;24893;23660;30232;25198;13954;14985;13716;16642;11683;11381;16199;15610;3536;6833;4068;8699;19588;13144;20642;13432;59269;68708;45739;55009
248;Bad Kissingen;9;214061;216030;214061;216030;174164;171202;174164;171202;1624;1795;1059;1300;172540;169407;173105;169902;;;;;32844;32383;30540;26904;17130;17753;18434;19650;12206;9534;15211;15084;4475;9071;4820;10085;16467;11980;15874;11359;67458;86603;65063;75788
249;Main-Spessart;9;194408;196183;194408;196183;158133;157206;158133;157206;1348;1829;1066;1238;156785;155377;157067;155968;;;;;33700;35148;32771;28903;12576;14075;13918;16856;9514;7708;14151;13720;4070;7515;3685;8562;15813;11050;17806;11939;60489;72406;54097;65245
250;Schweinfurt;9;196710;199041;196710;199041;157357;156159;157357;156159;1554;1890;1005;1218;155803;154269;156352;154941;;;;;29037;26346;30482;26163;15468;17198;15687;18905;12408;9506;15039;13789;6552;12091;4928;10422;14747;11466;17085;11717;63697;73901;54441;63674
251;Würzburg;9;224907;225998;224907;225998;185659;182961;185659;182961;2155;1664;957;1054;183504;181297;184702;181907;;;;;33125;33929;37079;32126;;13872;12220;15764;19414;14592;19230;18813;7522;10130;7027;12931;36295;25359;35634;23719;67651;76515;55957;67585
252;Augsburg-Stadt;9;207543;210528;207543;210528;153315;153228;153315;153228;1004;1586;855;1174;152311;151642;152460;152054;;;;;27453;29285;29200;24112;13431;20170;13888;21015;12880;9191;16969;15149;7168;12850;6952;13649;31347;21062;28971;18782;42780;52769;38653;48420
253;Augsburg-Land;9;249372;245699;249372;245699;204737;196554;204737;196554;1650;1792;1070;1213;203087;194762;203667;195341;;;;;29435;27551;33405;24980;19660;24056;19481;26741;16032;11864;22301;20373;3573;7165;4176;9623;24806;14638;26207;17250;82423;92942;67883;80669
254;Donau-Ries;9;195774;193895;195774;193895;157033;150348;157033;150348;1109;1391;818;1018;155924;148957;156215;149330;;;;;29872;26824;25784;20549;15723;19022;17135;21889;9915;7433;15593;13632;3048;6264;2855;6801;11076;9607;14911;10299;64045;70080;54929;64800
255;Neu-Ulm;9;241919;239647;241919;239647;188813;182045;188813;182045;1479;1669;1099;1270;187334;180376;187714;180775;;;;;29960;26419;31900;24828;22517;24612;22293;27327;14542;10780;22019;18627;3466;7855;4410;9274;20621;16519;20764;14898;69676;80503;59028;72104
256;Oberallgäu;9;228803;226604;228803;226604;181755;176437;181755;176437;1617;1240;1014;1092;180138;175197;180741;175345;;;;;28401;21451;29910;21725;14473;16825;14350;18529;23604;12262;20953;18935;4911;8264;5043;10130;27817;16162;27393;19792;53566;88357;55017;72855
257;Ostallgäu;9;250575;247539;250575;247539;198667;191581;198667;191581;1542;1692;1024;1412;197125;189889;197643;190169;;;;;24288;21610;30914;23044;20021;24018;19779;25384;14258;10627;21561;19898;6667;10153;5007;10387;24128;16537;23712;16214;76399;93430;62635;79932
9;Bayern;99;9517664;9522371;9517664;9522371;7608980;7441006;7608980;7441006;55864;69317;37667;47796;7553116;7371689;7571313;7393210;;;;;1316303;1336404;1361242;1130931;634098;773542;679915;916300;579804;477884;798591;751248;187530;384368;210838;450803;1023735;661356;1067830;722116;2788048;3255487;2402827;2869688
;;;;;;;;;;;;;;;;;;;;;;;;;;;;;;;;;;;;;;;;;;;;;;
258;Stuttgart I;8;191811;194368;191811;194368;157514;160834;157514;160834;832;1157;676;849;156682;159677;156838;159985;36605;51118;31536;46243;20012;20512;31003;23350;6295;10646;6591;11455;16504;13399;26036;26203;6447;10409;8127;14830;62594;47430;44559;31283;;;;
259;Stuttgart II;8;178958;182501;178958;182501;133588;139180;133588;139180;1124;1343;892;1153;132464;137837;132696;138027;34312;46166;28403;40109;27224;25469;30198;23458;9603;14345;9541;14899;14678;11903;20273;19210;6294;12321;6739;12553;31446;21850;28221;21071;;;;
260;Böblingen;8;245553;245678;245553;245678;195335;196557;195335;196557;1541;2271;1221;1657;193794;194286;194114;194900;57504;75323;50675;68991;40844;38053;39955;30296;16175;21842;16810;22874;32184;24867;35082;29510;4548;9715;5141;10434;30211;23206;32594;24746;;;;
261;Esslingen;8;166628;168715;166628;168715;131888;135479;131888;135479;868;1361;767;1094;131020;134118;131121;134385;41976;53665;33175;44748;28501;25697;29852;22579;9123;14390;9733;14692;16011;11657;20901;18512;3477;7853;4063;8361;24058;20501;23902;19565;;;;
262;Nürtingen;8;205967;207044;205967;207044;165777;168052;165777;168052;1302;1765;1207;1443;164475;166287;164570;166609;49506;65566;42826;56105;34617;31655;33995;25190;13597;19833;14327;20544;22765;16390;28807;24922;3970;7978;4357;9132;29619;24540;27702;23673;;;;
263;Göppingen;8;177107;178409;177107;178409;135606;137585;135606;137585;1599;2115;1183;1637;134007;135470;134423;135948;41558;50892;35079;45290;31824;29730;31422;23924;15818;19588;15412;19956;16481;12492;21723;17188;2958;5994;3338;6882;15932;16420;16916;16749;;;;
264;Waiblingen;8;221775;222891;221775;222891;175841;178340;175841;178340;1434;1933;1092;1447;174407;176407;174749;176893;50566;64958;44987;58372;39642;33898;37753;28146;15196;21863;15474;22870;27123;23568;30999;28617;4464;8626;5001;9881;26224;21542;27098;21539;;;;
265;Ludwigsburg;8;215312;218074;215312;218074;171843;175304;171843;175304;1300;1769;1001;1317;170543;173535;170842;173987;50297;66430;42297;58003;31409;30971;37284;28547;14392;20157;14313;19780;23891;17691;27611;25538;4886;9487;5275;10451;34663;24702;31433;24000;;;;
266;Neckar-Zaber;8;230738;229280;230738;229280;186673;186362;186673;186362;1622;1980;1237;1525;185051;184382;185436;184837;56249;73689;46315;60898;41708;36327;41369;30472;18478;23215;18702;24212;22792;16191;30783;27145;4357;8453;4851;9719;29015;23092;29048;24282;;;;
267;Heilbronn;8;240951;242553;240951;242553;182804;185705;182804;185705;1863;2595;1749;2419;180941;183110;181055;183286;50299;64591;43325;58755;43887;42455;40961;32489;23093;28575;23828;30089;24748;17566;29386;23872;4237;8448;5137;10520;23018;14920;23476;19016;;;;
268;Schwäbisch Hall – Hohenlohe;8;225874;225785;225874;225785;172687;171760;172687;171760;1561;1900;1457;1965;171126;169860;171230;169795;54894;68717;41947;58215;33568;31406;37272;27472;20579;22894;21787;24827;19941;14252;27850;21629;4090;7314;4980;9594;25825;21468;22734;20512;;;;
269;Backnang – Schwäbisch Gmünd;8;177062;176968;177062;176968;136436;136717;136436;136717;1435;1916;1012;1406;135001;134801;135424;135311;41176;55595;34991;47588;32904;26971;29341;22298;15802;17788;15979;19438;16198;10882;21397;16717;3929;7581;3927;7999;15587;15216;18579;15482;;;;
270;Aalen – Heidenheim;8;220686;221853;220686;221853;168655;170191;168655;170191;1722;2605;1410;1975;166933;167586;167245;168216;61832;77752;45852;64217;36501;35164;39468;31341;16988;18447;17937;20616;15708;10218;24562;17707;3905;8678;4538;9233;20364;16123;21226;18427;;;;
271;Karlsruhe-Stadt;8;205608;208868;205608;208868;159591;162139;159591;162139;1350;1633;1123;1228;158241;160506;158468;160911;30921;45821;27998;44776;33630;37924;33828;27044;10811;16073;10774;16741;15793;13829;20615;19251;7956;12155;8910;15452;47473;28268;44011;29408;;;;
272;Karlsruhe-Land;8;209147;209741;209147;209741;167946;168801;167946;168801;1687;2061;1313;1675;166259;166740;166633;167126;50581;67396;42831;59137;37948;32886;38474;28591;14963;19512;15869;20887;19066;15138;24660;21441;4040;7627;4483;9119;27755;19076;26969;20489;;;;
273;Rastatt;8;204890;206484;204890;206484;155331;157208;155331;157208;1736;2318;1531;1960;153595;154890;153800;155248;50988;68259;41495;58798;34847;29486;36442;26374;16455;18849;16333;19701;17764;11150;21250;17847;4212;7123;4280;8369;19962;16954;21926;17766;;;;
274;Heidelberg;8;218431;217934;218431;217934;177868;179138;177868;179138;1231;1568;1064;1306;176637;177570;176804;177832;42582;58019;36783;53138;35602;46219;40275;32806;10823;15803;10821;16850;15906;11769;23240;22556;6987;10751;8624;14812;53288;29664;45314;30491;;;;
275;Mannheim;8;196863;197289;196863;197289;142132;144078;142132;144078;1350;1504;1165;1355;140782;142574;140967;142723;27986;41812;25682;38746;37102;39795;35651;30309;13773;17833;12846;18309;14879;9835;18515;16050;6811;10493;7066;12989;31723;18739;29814;18803;;;;
276;Odenwald – Tauber;8;209418;210876;209418;210876;162058;163339;162058;163339;1806;2116;1564;2114;160252;161223;160494;161225;57391;75531;48866;64208;33083;30849;35578;27175;19374;21849;19208;22289;15549;11419;20943;17564;3722;8422;4084;8907;17695;11090;17748;13642;;;;
277;Rhein-Neckar;8;196882;198251;196882;198251;154085;156402;154085;156402;1588;1986;1403;1748;152497;154416;152682;154654;43487;57788;38871;51797;41205;36886;35847;28486;15296;20177;15701;20942;17769;12571;21941;18933;4006;8010;4320;9738;22696;14792;24072;17687;;;;
278;Bruchsal – Schwetzingen;8;195755;196426;195755;196426;152231;154622;152231;154622;2028;2264;1455;1932;150203;152358;150776;152690;44465;63166;38866;53147;32836;29684;34434;26560;17352;21960;17462;22794;17635;10255;21978;18180;3854;7016;4125;8674;22154;12641;20858;15500;;;;
279;Pforzheim;8;217126;219577;217126;219577;163982;167977;163982;167977;1441;2004;1365;1897;162541;165973;162617;166080;46291;60476;39324;54364;33957;31611;34262;27101;22943;26172;22028;27107;20632;19760;26504;22643;3772;7730;4342;8952;20679;16016;21213;17869;;;;
280;Calw;8;199092;198021;199092;198021;152863;153463;152863;153463;1350;1739;1275;1858;151513;151724;151588;151605;51208;65676;42841;56330;26111;25601;28571;21832;18668;21431;19473;22715;22685;14154;26770;21646;2998;6832;3656;7759;17712;13284;17301;14989;;;;
281;Freiburg;8;224392;222308;224392;222308;180976;180854;180976;180854;1207;1480;1103;1319;179769;179374;179873;179535;37111;50256;31296;50423;47198;40647;38183;31452;8107;12984;8854;14103;13835;9546;19145;16725;9604;13172;12429;20168;51777;46115;56861;38002;;;;
282;Lörrach – Müllheim;8;231076;232208;231076;232208;174064;177399;174064;177399;1720;1882;1495;1695;172344;175517;172569;175704;43509;69148;38501;60513;37496;36986;41834;31249;13981;16854;14195;18459;24430;15271;24669;19449;4580;8854;5532;10898;35558;26244;32817;27014;;;;
283;Emmendingen – Lahr;8;218872;218287;218872;218287;168004;168468;168004;168468;1349;2112;1432;2024;166655;166356;166572;166444;46406;62476;41323;59784;46316;39472;39727;29738;14396;18027;14971;19139;16620;14275;22136;17626;4921;8691;5209;9588;23345;18537;28724;22806;;;;
284;Offenburg;8;205893;205551;205893;205551;156776;155724;156776;155724;1623;2118;1576;2075;155153;153606;155200;153649;54148;73935;40210;57033;29003;26532;33043;25406;13876;15899;15320;17800;16692;9593;22799;16940;4254;8264;4423;8411;21717;19383;23083;21220;;;;
285;Rottweil – Tuttlingen;8;198182;199227;198182;199227;149664;152001;149664;152001;1826;1971;1851;1951;147838;150030;147813;150050;46535;64558;40818;57060;23989;23855;27523;21900;20293;19543;19747;20942;24784;16255;26768;20328;3177;5825;3320;7141;18184;14299;16036;15329;;;;
286;Schwarzwald-Baar;8;162800;165041;162800;165041;122862;125344;122862;125344;1370;1654;1340;1615;121492;123690;121522;123729;44188;58149;32309;46812;21996;20672;25814;19337;12795;14069;13097;15350;16747;10438;19696;15124;2757;5347;3062;6608;14692;12085;16181;15113;;;;
287;Konstanz;8;206009;205135;206009;205135;157563;158861;157563;158861;1277;1752;1163;1478;156286;157109;156400;157383;53362;70355;36209;52194;31486;26396;32657;24529;13487;15006;13341;16215;17047;11425;23509;20758;5591;11003;5804;11306;28142;21052;32913;25202;;;;
288;Waldshut;8;177275;177806;177275;177806;136195;136595;136195;136595;1318;1536;1173;1466;134877;135059;135022;135129;45335;56528;35595;53066;34449;32522;30782;22122;11420;12388;11265;13299;10217;8402;18422;14647;3606;6767;3895;7369;20679;16030;23294;18842;;;;
289;Reutlingen;8;199189;199934;199189;199934;153820;157642;153820;157642;1343;1839;1245;1583;152477;155803;152575;156059;49631;63494;39504;53873;27236;23397;31535;23321;15356;18702;15652;20171;20411;15533;25288;21425;6169;9711;5081;9543;25399;22309;24197;21695;;;;
290;Tübingen;8;198791;196488;198791;196488;160835;159801;160835;159801;1207;1615;1054;1391;159628;158186;159781;158410;43024;56446;34775;48828;28982;27325;32576;24865;12484;13684;12548;15887;15059;12504;22678;18718;7526;13862;8231;15096;40978;30197;37424;28521;;;;
291;Ulm;8;223376;222673;223376;222673;177537;177460;177537;177460;1539;2016;1372;1597;175998;175444;176165;175863;57608;74849;46805;64988;32176;35456;36418;27889;15932;18734;16046;20432;19745;14173;25389;20277;4604;8105;5377;9976;33012;20990;31238;24160;;;;
292;Biberach;8;169147;167025;169147;167025;133345;131693;133345;131693;1174;1611;1115;1418;132171;130082;132230;130275;46458;57837;40472;56162;24567;22034;23152;16557;13469;14640;14308;16236;13045;9775;19163;14321;2064;4907;2967;5997;17912;17589;18070;14729;;;;
293;Bodensee;8;174430;172782;174430;172782;137838;137146;137838;137146;1083;1352;990;1195;136755;135794;136848;135951;41624;56165;36571;50428;28501;24451;26989;19321;12584;14079;11916;14164;16751;11999;21611;17954;3705;7185;3905;8316;23385;18811;23635;20015;;;;
294;Ravensburg;8;187817;186958;187817;186958;147020;146174;147020;146174;1080;1517;1042;1387;145940;144657;145978;144787;44597;55758;38927;56264;20128;17958;27750;19398;11727;13668;12650;14901;20934;14672;21740;16441;4365;7860;4735;8889;30743;29216;25536;21770;;;;
295;Zollernalb – Sigmaringen;8;182648;183588;182648;183588;138084;139548;138084;139548;1688;2354;1544;1821;136396;137194;136540;137727;41106;61694;39332;52284;24970;19716;26716;19446;15554;18609;16477;18814;18678;12695;23200;18394;2848;6450;3540;7061;23118;17489;15503;15798;;;;
8;Baden-Württemberg;99;7711531;7732597;7711531;7732597;5997317;6053943;5997317;6053943;54574;70712;47657;60975;5942743;5983231;5949660;5992968;1767316;2350054;1477612;2061687;1247455;1166668;1287934;982370;561058;690128;571336;730499;711697;517512;908039;762008;175691;325019;196874;380727;1058334;801880;1022226;807205;;;;
;;;;;;;;;;;;;;;;;;;;;;;;;;;;;;;;;;;;;;;;;;;;;;
296;Saarbrücken;10;192929;199885;192929;199885;142697;147602;142697;147602;2299;2304;2223;2172;140398;145298;140474;145430;35252;45664;28797;41394;51749;46688;53537;38322;12569;12950;13006;14042;11647;7672;16438;11753;8711;19262;13484;21669;11143;8782;;11748;;;;
297;Saarlouis;10;203279;207501;203279;207501;159170;160430;159170;160430;3047;2415;2891;2825;156123;158015;156279;157605;43671;60102;38085;52981;57354;50672;56920;42476;15111;14224;15651;15506;12777;6069;18872;12059;8405;17142;10512;20320;7383;5532;;8598;;;;
298;St. Wendel;10;173074;177468;173074;177468;139808;141387;139808;141387;2828;2618;2776;2689;136980;138769;137032;138698;43928;57987;36248;50660;48135;42129;51229;38368;12346;11646;12904;12627;11354;6517;14916;9569;5783;13584;7887;15686;5739;4674;;6662;;;;
299;Homburg;10;185941;192410;185941;192410;142288;145992;142288;145992;2676;2671;2405;2467;139612;143321;139883;143525;36472;48102;32004;44538;51091;45022;52091;39729;16210;15767;16068;16745;11015;7369;15719;11096;7312;15724;9247;17773;6826;7128;;8109;;;;
10;Saarland;99;755223;777264;755223;777264;583963;595411;583963;595411;10850;10008;10295;10153;573113;585403;573668;585258;159323;211855;135134;189573;208329;184511;213777;158895;56236;54587;57629;58920;46793;27627;65945;44477;30211;65712;41130;75448;31091;26116;;35117;;;;
;;;;;;;;;;;;;;;;;;;;;;;;;;;;;;;;;;;;;;;;;;;;;;
99;Bundesgebiet;;61172771;61688485;61172771;61688485;46707343;46976341;46707343;46976341;488483;586726;408956;460849;46218860;46389615;46298387;46515492;10445920;14030751;8774920;12447656;12184096;11429231;11901558;9539381;4699926;5317499;4809233;5878115;4019565;3249238;5291013;4999449;2286070;3966637;2255864;4297270;6435380;3717922;6814408;4158400;2788048;3255487;2402827;2869688
