WKR_NR;Gebiet;gehört zu;Gewählt;Wahlberechtigte;Wahlberechtigte;Wahlberechtigte;Wahlberechtigte;Wählende;Wählende;Wählende;Wählende;Ungültige Stimmen;Ungültige Stimmen;Ungültige Stimmen;Ungültige Stimmen;Gültige Stimmen;Gültige Stimmen;Gültige Stimmen;Gültige Stimmen;SPD;SPD;SPD;SPD;CDU;CDU;CDU;CDU;B90/GRÜNE;B90/GRÜNE;B90/GRÜNE;B90/GRÜNE;FDP;FDP;FDP;FDP;AFD;AFD;AFD;AFD;CSU;CSU;CSU;CSU;DIELINKE;DIELINKE;DIELINKE;DIELINKE
;;;;Erststimmen;Erststimmen;Zweitstimmen;Zweitstimmen;Erststimmen;Erststimmen;Zweitstimmen;Zweitstimmen;Erststimmen;Erststimmen;Zweitstimmen;Zweitstimmen;Erststimmen;Erststimmen;Zweitstimmen;Zweitstimmen;Erststimmen;Erststimmen;Zweitstimmen;Zweitstimmen;Erststimmen;Erststimmen;Zweitstimmen;Zweitstimmen;Erststimmen;Erststimmen;Zweitstimmen;Zweitstimmen;Erststimmen;Erststimmen;Zweitstimmen;Zweitstimmen;Erststimmen;Erststimmen;Zweitstimmen;Zweitstimmen;Erststimmen;Erststimmen;Zweitstimmen;Zweitstimmen;Erststimmen;Erststimmen;Zweitstimmen;Zweitstimmen
;;;;Vorläufig;Vorperiode;Vorläufig;Vorperiode;Vorläufig;Vorperiode;Vorläufig;Vorperiode;Vorläufig;Vorperiode;Vorläufig;Vorperiode;Vorläufig;Vorperiode;Vorläufig;Vorperiode;Vorläufig;Vorperiode;Vorläufig;Vorperiode;Vorläufig;Vorperiode;Vorläufig;Vorperiode;Vorläufig;Vorperiode;Vorläufig;Vorperiode;Vorläufig;Vorperiode;Vorläufig;Vorperiode;Vorläufig;Vorperiode;Vorläufig;Vorperiode;Vorläufig;Vorperiode;Vorläufig;Vorperiode;Vorläufig;Vorperiode;Vorläufig;Vorperiode
1;Flensburg – Schleswig;1;–;232158;231536;232158;231536;192866;180112;192866;180112;1134;1537;1027;1487;191732;178575;191839;178625;28366;38927;30544;45508;50822;41721;47683;36421;43290;50231;30590;33300;4484;12299;7065;19189;28824;9768;29267;10317;;;;;10370;6544;15894;7475
2;Nordfriesland – Dithmarschen Nord;1;Christlich Demokratische Union Deutschlands;186019;188267;186019;188267;153755;145387;153755;145387;1043;1337;855;1242;152712;144050;152900;144145;31169;40026;26637;37926;49866;43745;45300;35511;16627;20611;18763;22588;5749;13958;7617;18350;24472;8274;24564;8798;;;;;7919;4060;9437;4437
3;Steinburg – Dithmarschen Süd;1;Christlich Demokratische Union Deutschlands;175816;176899;175816;176899;146576;136299;146576;136299;1141;1319;805;1190;145435;134980;145771;135109;30733;39379;25645;37468;50928;39431;42612;32842;14468;16686;16079;19237;5647;19315;7447;18492;29693;10429;29679;11303;;;;;8709;4339;9684;4524
4;Rendsburg-Eckernförde;1;Christlich Demokratische Union Deutschlands;202737;202226;202737;202226;172519;162060;172519;162060;1152;1410;873;1105;171367;160650;171646;160955;36266;49474;30418;43148;56163;47688;50231;38517;20473;23832;25226;28828;8170;12903;7956;19322;26417;10200;27498;10564;;;;;8675;4416;10887;5163
5;Kiel;1;BÜNDNIS 90/DIE GRÜNEN;201504;202482;201504;202482;167205;155986;167205;155986;1025;1170;901;918;166180;154816;166304;155068;36688;45709;32088;40338;34941;28416;32842;23920;43283;43532;38149;44089;4825;11445;6567;16110;17811;7147;17883;7654;;;;;15946;7275;22779;9430
6;Plön – Neumünster;1;Christlich Demokratische Union Deutschlands;173740;174908;173740;174908;143605;133721;143605;133721;1892;1759;950;1194;141713;131962;142655;132527;33977;41497;27342;38670;46370;36870;40815;30290;18852;20740;19957;23051;4693;12420;6150;15901;25249;9404;25683;9741;;;;;7623;3718;9657;4232
7;Pinneberg;1;Christlich Demokratische Union Deutschlands;236765;238388;236765;238388;200312;191512;200312;191512;1213;1443;1020;1242;199099;190069;199292;190270;49714;59298;40326;55693;63231;49710;57532;42057;25395;32109;28967;34291;7674;20737;10086;25663;30417;12141;31098;13080;;;;;12683;5659;15064;6363
8;Segeberg – Stormarn-Mitte;1;Christlich Demokratische Union Deutschlands;249213;249202;249213;249202;211550;199618;211550;199618;1501;1700;1039;1353;210049;197918;210511;198265;51437;63369;40275;56658;67881;55265;61079;44285;24800;27109;28809;33361;9417;20575;10974;27675;36071;14040;36211;14527;;;;;12636;6202;14887;6468
9;Ostholstein – Stormarn-Nord;1;Christlich Demokratische Union Deutschlands;181111;183138;181111;183138;150788;143092;150788;143092;1118;1301;797;1126;149670;141791;149991;141966;38071;47714;29510;42520;52022;42991;46721;35564;15636;19025;19095;22314;5422;13289;7656;17986;25929;9647;26494;10073;;;;;8232;4122;8935;4036
10;Herzogtum Lauenburg – Stormarn-Süd;1;Christlich Demokratische Union Deutschlands;245477;246277;245477;246277;208075;196903;208075;196903;1443;1576;1072;1316;206632;195327;207003;195587;48273;60593;39860;56422;67641;51872;61515;45364;29012;33949;28853;32475;7445;20550;11091;27725;35419;14053;35560;14682;;;;;12160;5168;14253;6325
11;Lübeck;1;Sozialdemokratische Partei Deutschlands;178245;179394;178245;179394;142999;131455;142999;131455;1247;1580;829;1218;141752;129875;142170;130237;39809;44315;30026;39704;33695;28266;32037;23628;27477;27809;25444;29229;4028;9700;5547;13626;21972;8538;22254;8827;;;;;10175;4020;14921;5785
1;Schleswig-Holstein;99;;2262785;2272717;2262785;2272717;1890250;1776145;1890250;1776145;13909;16132;10168;13391;1876341;1760013;1880082;1762754;424503;530301;352671;494055;573560;465975;518367;388399;279313;315633;279932;322763;67554;167191;88156;220039;302274;113641;306191;119566;;;;;115128;55523;146398;64238
;;;;;;;;;;;;;;;;;;;;;;;;;;;;;;;;;;;;;;;;;;;;;;;
12;Schwerin – Ludwigslust-Parchim I – Nordwestmecklenburg I;13;Alternative für Deutschland;212861;214853;212861;214853;171875;156565;171875;156565;2126;2957;1455;2402;169749;153608;170420;154163;34101;45189;24693;49271;35453;31754;32209;26383;5531;12061;9494;12419;4870;11769;5613;13242;60863;25393;54975;24185;;;;;21569;17906;19558;16604
13;Ludwigslust-Parchim II – Nordwestmecklenburg II – Landkreis Rostock I;13;Alternative für Deutschland;202444;205042;202444;205042;162889;146362;162889;146362;1663;2316;1166;2258;161226;144046;161723;144104;34654;50736;23009;46846;32839;26208;29812;24621;5747;8163;7744;10147;4422;10322;4921;11638;59416;24760;56236;24673;;;;;18094;14949;17339;14979
14;Rostock – Landkreis Rostock II;13;–;221158;222705;221158;222705;179099;165329;179099;165329;1534;2319;1094;2352;177565;163010;178005;162977;30031;43932;25383;47280;34403;27672;29907;23103;9397;16556;15933;20941;5037;12242;6057;14852;47598;19882;45612;20658;;;;;45521;29715;30739;21491
15;Vorpommern-Rügen – Vorpommern-Greifswald I;13;Alternative für Deutschland;237079;241066;237079;241066;186436;168922;186436;168922;1784;2769;1356;3143;184652;166153;185080;165779;26883;40429;19150;41583;39235;33903;32675;30910;9064;12199;11466;14654;4814;11005;6204;13776;68842;33025;65647;31303;;;;;24635;22767;23214;18857
16;Mecklenburgische Seenplatte I – Vorpommern-Greifswald II;13;Alternative für Deutschland;215716;221421;215716;221421;168238;154240;168238;154240;2154;3572;1400;3202;166084;150668;166838;151038;22871;37392;16306;40339;33050;31182;28878;28684;3787;6112;4721;6616;5881;11165;5252;11438;75083;36597;71490;35102;;;;;18008;16202;15824;15370
17;Mecklenburgische Seenplatte II – Landkreis Rostock III;13;Alternative für Deutschland;204474;209348;204474;209348;160613;143622;160613;143622;2186;3021;1454;2824;158427;140601;159159;140798;31002;43730;18162;42049;30808;29950;28482;26402;3370;7573;5363;7179;4314;9825;4632;10609;65035;30320;63396;29421;;;;;16952;14494;16377;14434
13;Mecklenburg-Vorpommern;99;;1293732;1314435;1293732;1314435;1029150;935040;1029150;935040;11447;16954;7925;16181;1017703;918086;1021225;918859;179542;261408;126703;267368;205788;180669;181963;160103;36896;62664;54721;71956;29338;66328;32679;75555;376837;169977;357356;165342;;;;;144779;116033;123051;101735
;;;;;;;;;;;;;;;;;;;;;;;;;;;;;;;;;;;;;;;;;;;;;;;
18;Hamburg-Mitte;2;Sozialdemokratische Partei Deutschlands;243951;242078;243951;242078;189434;179637;189434;179637;1683;1439;1102;1082;187751;178198;188332;178555;51536;59229;41803;51170;31829;23231;29588;19982;40344;46326;38169;49791;6539;14424;7745;18723;19898;8664;19813;9100;;;;;31014;16195;35750;15593
19;Hamburg-Altona;2;BÜNDNIS 90/DIE GRÜNEN;188984;187705;188984;187705;158772;152720;158772;152720;1234;837;677;625;157538;151883;158095;152095;36910;43427;32490;38865;33392;25441;30863;22478;43349;45063;37452;46162;5278;12380;7377;16543;11902;5191;11596;5036;;;;;25270;14716;28455;13667
20;Hamburg-Eimsbüttel;2;BÜNDNIS 90/DIE GRÜNEN;194724;193823;194724;193823;165711;160970;165711;160970;1139;931;674;605;164572;160039;165037;160365;42720;47375;36884;44911;34476;27462;33328;23843;45766;47734;39549;47983;6658;12957;8099;18190;12671;5450;12450;5662;;;;;20727;11351;23991;10847
21;Hamburg-Nord;2;Christlich Demokratische Union Deutschlands;222153;219909;222153;219909;190233;185457;190233;185457;1167;1234;728;766;189066;184223;189505;184691;50336;56594;42685;51575;53094;43870;49436;34387;42876;47375;39931;46531;7028;15786;11090;26247;15266;6259;15782;6811;;;;;14915;9095;19315;8741
22;Hamburg-Wandsbek;2;Sozialdemokratische Partei Deutschlands;230495;233483;230495;233483;179893;174014;179893;174014;1751;1678;1019;1193;178142;172336;178874;172821;57591;66616;44504;59298;43928;33085;39925;29103;23210;26599;25956;32134;5710;15755;7345;19225;25873;11490;25266;11290;;;;;18926;10629;20488;8852
23;Hamburg-Bergedorf – Harburg;2;Sozialdemokratische Partei Deutschlands;218953;221794;218953;221794;166191;158246;166191;158246;1733;1601;1165;1229;164458;156645;165026;157017;52896;61590;39198;52523;35154;26483;33642;25427;19091;24231;20704;27931;4152;13301;5422;15674;28958;12774;28556;12638;;;;;18994;10521;22931;9878
2;Hamburg;99;;1299260;1298792;1299260;1298792;1050234;1011044;1050234;1011044;8707;7720;5365;5500;1041527;1003324;1044869;1005544;291989;334831;237564;298342;231873;179572;216782;155220;214636;237328;201761;250532;35365;84603;47078;114602;114568;49828;113463;50537;;;;;129846;72507;150930;67578
;;;;;;;;;;;;;;;;;;;;;;;;;;;;;;;;;;;;;;;;;;;;;;;
24;Aurich – Emden;3;Sozialdemokratische Partei Deutschlands;189800;191846;189800;191846;155709;137847;155709;137847;1282;2286;1024;1653;154427;135561;154685;136194;63565;71596;44286;59038;34069;24019;36007;24066;7791;12652;12748;17668;3569;11798;5052;12113;31160;;32478;11173;;;;;8949;4861;11682;4671
25;Unterems;3;Christlich Demokratische Union Deutschlands;237527;238506;237527;238506;198291;175826;198291;175826;1448;2079;1067;1550;196843;173747;197224;174276;44288;49440;42893;59229;79773;77143;64643;52067;13738;16434;14267;18576;4977;10763;7717;17671;40000;13584;41176;14248;;;;;10835;4358;12955;4650
26;Friesland – Wilhelmshaven – Wittmund;3;Sozialdemokratische Partei Deutschlands;185863;189047;185863;189047;150781;134164;150781;134164;1152;1188;877;1234;149629;132976;149904;132930;52913;60392;38211;50448;40089;29286;39618;28535;8630;13504;12572;17020;3974;9502;5961;13874;29525;10227;30278;10951;;;;;8246;3460;10896;4122
27;Oldenburg – Ammerland;3;Sozialdemokratische Partei Deutschlands;229344;228705;229344;228705;194106;173725;194106;173725;1390;1397;925;1175;192716;172328;193181;172550;66280;65757;46024;55231;46173;34294;46074;32100;28728;35119;31857;40919;5996;12859;8555;17674;25045;8572;24919;8903;;;;;15673;10183;21699;8344
28;Delmenhorst – Wesermarsch – Oldenburg-Land;3;Christlich Demokratische Union Deutschlands;225013;226827;225013;226827;185081;163753;185081;163753;1543;1781;1000;1595;183538;161972;184081;162158;48627;59377;43835;55621;53760;40410;48101;36649;18021;21202;18435;23973;10206;17278;9047;18571;35329;11999;35955;12987;;;;;12645;4931;13613;5046
29;Cuxhaven – Stade II;3;Christlich Demokratische Union Deutschlands;187076;188602;187076;188602;155176;140739;155176;140739;1143;1067;788;1023;154033;139672;154388;139716;46915;51417;37040;48858;50395;42085;45964;36586;11030;15389;13656;17553;4166;9622;5823;14052;30472;10227;30933;11000;;;;;7968;2694;9280;3672
30;Stade I – Rotenburg II;3;Christlich Demokratische Union Deutschlands;197850;198576;197850;198576;167119;151821;167119;151821;1217;1188;777;935;165902;150633;166342;150886;42393;47763;36582;48301;60301;52069;51046;39969;16205;19923;18203;22091;4663;12019;6693;16720;29890;10735;30498;11002;;;;;10350;4340;11789;4301
31;Mittelems;3;Christlich Demokratische Union Deutschlands;233784;233253;233784;233253;199529;180543;199529;180543;1210;1330;915;1104;198319;179213;198614;179439;48525;52309;42166;55461;86795;72523;78008;60733;14462;22562;17256;22515;6904;17466;8921;21101;27994;8993;28483;9235;;;;;10171;3996;12609;3969
32;Cloppenburg – Vechta;3;Christlich Demokratische Union Deutschlands;225099;223948;225099;223948;187174;164507;187174;164507;1198;1321;997;1155;185976;163186;186177;163352;32515;33825;29053;40212;85241;80134;73616;62837;11280;17366;13277;18093;6135;14397;8432;19747;38366;12674;38357;12772;;;;;9485;3542;11518;3549
33;Diepholz – Nienburg I;3;Christlich Demokratische Union Deutschlands;194010;194371;194010;194371;162072;146954;162072;146954;1113;1460;755;982;160959;145494;161317;145972;44311;46455;36820;48196;56910;49116;49080;36915;13005;19702;16558;21139;5318;13671;7376;17628;27353;9683;28346;10372;;;;;9613;4029;10982;3920
34;Osterholz – Verden;3;Christlich Demokratische Union Deutschlands;196082;197490;196082;197490;166157;151308;166157;151308;1094;1927;762;1089;165063;149381;165395;150219;40963;48574;38009;49430;59321;50274;46321;36183;18449;21933;20450;24183;4952;13764;6942;15653;28052;;29180;11329;;;;;11071;6375;12060;5253
35;Rotenburg I – Heidekreis;3;Sozialdemokratische Partei Deutschlands;168109;168927;168109;168927;139393;125100;139393;125100;1141;934;803;896;138252;124166;138590;124204;58184;59131;34349;43196;37770;32720;38933;31119;7411;10035;12795;16857;3261;7354;5118;12526;26667;9182;27466;9945;;;;;;3010;9777;3536
36;Harburg;3;Christlich Demokratische Union Deutschlands;202671;201740;202671;201740;175134;161635;175134;161635;1176;1122;705;893;173958;160513;174429;160742;45742;49773;35733;46765;57718;46711;53029;39850;18423;24120;22502;26777;6047;14395;8478;20426;28906;11007;29324;11671;;;;;10309;4230;12298;4682
37;Lüchow-Dannenberg – Lüneburg;3;Sozialdemokratische Partei Deutschlands;182679;182673;182679;182673;154831;139183;154831;139183;944;1546;676;1077;153887;137637;154155;138106;42817;38784;32399;41262;40541;34287;37097;29032;25243;34606;25602;30585;3894;9513;5627;13241;23895;8603;25017;9145;;;;;10925;5378;15934;6328
38;Osnabrück-Land;3;Christlich Demokratische Union Deutschlands;199480;199960;199480;199960;167741;151837;167741;151837;1132;1251;844;1379;166609;150586;166897;150458;40394;44709;37108;48352;60954;54535;53514;42864;16759;22011;16444;22160;4914;13006;7189;16653;29983;9418;30206;10069;;;;;9516;3596;10900;3870
39;Stadt Osnabrück;3;Christlich Demokratische Union Deutschlands;192267;195467;192267;195467;161536;149541;161536;149541;1020;1335;664;1031;160516;148206;160872;148510;45260;44876;39356;44919;47728;43316;42265;34462;21953;34140;25670;34546;4178;10090;6650;14627;18264;6695;18544;6903;;;;;18862;6977;17804;6224
40;Nienburg II – Schaumburg;3;Sozialdemokratische Partei Deutschlands;191028;193863;191028;193863;157507;142895;157507;142895;1100;1248;823;1103;156407;141647;156684;141792;49658;50017;38093;49553;44786;43817;42907;33968;11724;18094;15550;19968;4383;8804;5936;14213;31459;11695;32249;12434;;;;;8669;3070;10235;3842
41;Stadt Hannover I;3;Sozialdemokratische Partei Deutschlands;175419;176770;175419;176770;143759;128894;143759;128894;1063;1217;803;1308;142696;127677;142956;127586;48668;44538;33839;39511;32818;27303;30595;23410;22397;27851;25754;30360;3994;9550;6177;13282;18719;7549;18414;7677;;;;;12063;4662;17019;5768
42;Stadt Hannover II;3;Sozialdemokratische Partei Deutschlands;189782;190336;189782;190336;159052;143712;159052;143712;987;1184;782;1262;158065;142528;158270;142450;57216;46929;34913;40116;28168;26196;29685;22537;30166;37779;33650;41976;3769;9538;6136;13288;16190;6476;16411;6753;;;;;17908;7390;26100;8831
43;Hannover-Land I;3;Christlich Demokratische Union Deutschlands;227327;231250;227327;231250;192227;174581;192227;174581;1263;1464;984;1879;190964;173117;191243;172702;52312;58297;43417;55464;66483;55185;56900;44529;18119;22490;21753;26219;5101;12557;8729;19550;33139;12942;33247;13295;;;;;10430;3981;13208;4504
44;Celle – Uelzen;3;Christlich Demokratische Union Deutschlands;212344;214482;212344;214482;174910;158022;174910;158022;1288;1388;970;1192;173622;156634;173940;156830;40060;50635;36321;48332;61114;51504;51631;40993;16097;18773;17787;21882;5920;13412;7504;17990;34961;14498;35375;14423;;;;;10277;4357;12190;4680
45;Gifhorn – Peine;3;Sozialdemokratische Partei Deutschlands;216949;219966;216949;219966;183844;166592;183844;166592;1228;1568;949;1762;182616;165024;182895;164830;61985;72113;43689;58846;50970;40279;50192;37839;11760;15762;17417;21960;4714;10738;6809;16238;38892;15346;38988;16048;;;;;9063;3619;11869;4147
46;Hameln-Pyrmont – Holzminden;3;Sozialdemokratische Partei Deutschlands;178761;184471;178761;184471;144827;132893;144827;132893;1213;1345;886;1284;143614;131548;143941;131609;47384;56893;35445;48438;41013;33575;38855;29809;10269;13259;13527;17274;4623;9102;5667;13624;29980;11208;30515;11590;;;;;7728;3676;9575;3734
47;Hannover-Land II;3;Sozialdemokratische Partei Deutschlands;234055;238323;234055;238323;197760;181202;197760;181202;1288;1654;1079;2110;196472;179548;196681;179092;62395;73088;47478;62024;59006;45721;53994;40612;17550;22283;23995;29201;4924;11883;7840;18320;33775;13377;34337;13850;;;;;10882;4095;14602;4994
48;Hildesheim;3;Sozialdemokratische Partei Deutschlands;211156;215131;211156;215131;176681;161685;176681;161685;1305;1676;920;1907;175376;160009;175761;159778;53925;61857;42610;55439;51421;41230;47275;36504;16511;22973;20303;26565;4369;11507;6535;15397;31963;11387;31741;12161;;;;;12021;5481;14749;5308
49;Salzgitter – Wolfenbüttel;3;Sozialdemokratische Partei Deutschlands;195218;200922;195218;200922;159604;147218;159604;147218;1324;1794;1007;1496;158280;145424;158597;145722;48410;56157;38650;53411;44807;39541;42085;33453;10910;15353;13824;18105;3934;9544;5619;13463;33787;14331;33836;14415;;;;;11139;5675;12357;4478
50;Braunschweig;3;Sozialdemokratische Partei Deutschlands;186356;187721;186356;187721;155379;140807;155379;140807;1116;1254;824;1513;154263;139553;154555;139294;51551;51220;34992;42377;38156;31276;34956;25929;21983;28214;27788;33401;4461;9816;6142;14046;20471;8045;20622;8238;;;;;12660;5352;17979;6355
51;Helmstedt – Wolfsburg;3;Christlich Demokratische Union Deutschlands;176276;180147;176276;180147;141889;130671;141889;130671;1246;1623;837;1467;140643;129048;141052;129204;40099;54349;32716;45414;43511;34367;39109;31827;9630;11305;11878;15481;4539;9766;5335;13073;31351;12339;30969;12241;;;;;8687;3575;9406;3496
52;Goslar – Northeim – Göttingen II;3;Sozialdemokratische Partei Deutschlands;191425;197519;191425;197519;155583;143611;155583;143611;1421;1544;971;1296;154162;142067;154612;142315;46873;52129;38452;53876;46699;47196;43211;33614;11922;14954;13463;17118;3999;8827;6116;14239;30491;11240;30927;11819;;;;;9186;3835;10715;4251
53;Göttingen I;3;Christlich Demokratische Union Deutschlands;210201;214542;210201;214542;175544;161876;175544;161876;1341;2399;917;1571;174203;159477;174627;160305;44620;51385;38345;51180;50738;42958;44788;34588;26770;37060;27390;32448;6320;15261;6911;15638;24752;;25266;9785;;;;;15937;8057;19429;8132
3;Niedersachsen;99;;6042951;6105381;6042951;6105381;5038396;4563142;5038396;4563142;36386;44570;26331;39921;5002010;4518572;5012065;4523221;1468848;1603785;1152824;1498500;1557228;1323070;1409499;1093579;486936;646848;576371;726613;148204;347802;205037;474638;880831;292032;894057;336434;;;;;321268;142785;405229;148657
;;;;;;;;;;;;;;;;;;;;;;;;;;;;;;;;;;;;;;;;;;;;;;;
54;Bremen I;4;–;239823;245384;239823;245384;194782;186308;194782;186308;1651;1337;983;1071;193131;184971;193799;185237;48670;55934;42455;53425;46317;39440;41196;32375;36566;39721;35822;44414;5590;13929;7417;18396;22752;9099;22792;9835;;;;;25807;15306;30834;15739
55;Bremen II – Bremerhaven;4;Sozialdemokratische Partei Deutschlands;210686;214365;210686;214365;155596;144123;155596;144123;1661;2037;1137;1320;153935;142086;154459;142803;46600;52498;38145;49799;32356;28552;30371;24124;16716;20769;18466;24013;4069;8469;4877;12085;29888;12466;29702;12740;;;;;18588;10617;20627;9613
4;Bremen;99;;450509;459749;450509;459749;350378;330431;350378;330431;3312;3374;2120;2391;347066;327057;348258;328040;95270;108432;80600;103224;78673;67992;71567;56499;53282;60490;54288;68427;9659;22398;12294;30481;52640;21565;52494;22575;;;;;44395;25923;51461;25352
;;;;;;;;;;;;;;;;;;;;;;;;;;;;;;;;;;;;;;;;;;;;;;;
56;Prignitz – Ostprignitz-Ruppin – Havelland I;12;Alternative für Deutschland;169648;172726;169648;172726;133067;122512;133067;122512;1431;1675;1046;1504;131636;120837;132021;121008;29264;39853;20999;41163;25861;23433;22920;19414;4025;5623;5782;7677;2847;7355;3355;9070;51212;23799;48277;23221;;;;;13866;10845;12905;9754
57;Uckermark – Barnim I;12;Alternative für Deutschland;180127;182836;180127;182836;142112;130965;142112;130965;1533;1815;1024;1719;140579;129150;141088;129246;27211;38247;19508;40543;25661;22991;22700;19818;5460;7528;6833;9095;3323;10964;3745;10422;53908;26163;50763;25748;;;;;17200;12316;15480;11617
58;Oberhavel – Havelland II;12;–;251732;249331;251732;249331;211112;195208;211112;195208;1820;2470;1290;2120;209292;192738;209822;193088;41822;50697;32266;55193;51984;39996;45580;33377;13889;19026;17620;20663;6039;17322;7579;19802;64556;30863;61545;30793;;;;;19831;15501;19602;12665
59;Märkisch-Oderland – Barnim II;12;Alternative für Deutschland;231597;230391;231597;230391;193032;177065;193032;177065;1917;2856;1210;2567;191115;174209;191822;174498;35785;43117;25134;48712;34597;40804;32399;26254;7625;11742;11132;13954;4693;12270;5552;14939;69016;31929;64893;31820;;;;;25444;21700;21638;18004
60;Brandenburg an der Havel – Potsdam-Mittelmark I – Havelland III – Teltow-Fläming I;12;Alternative für Deutschland;201899;202955;201899;202955;161158;147618;161158;147618;1821;2239;1259;2039;159337;145379;159899;145579;41053;46642;27515;48423;30943;29236;29337;22274;5957;9474;9603;12211;3718;9266;4627;11934;53605;23931;50225;23845;;;;;17348;12672;17229;12019
61;Potsdam – Potsdam-Mittelmark II – Teltow-Fläming II;12;Sozialdemokratische Partei Deutschlands;234264;232797;234264;232797;200725;190547;200725;190547;1616;1702;1091;1662;199109;188845;199634;188885;43336;64271;34040;50965;40930;26050;38263;26287;31619;35452;29115;35865;7959;16872;8599;20210;37823;17302;36947;18658;;;;;27524;14701;29408;19110
62;Dahme-Spreewald – Teltow-Fläming III;12;Alternative für Deutschland;241717;239844;241717;239844;200776;184949;200776;184949;2006;2784;1431;2573;198770;182165;199345;182376;35053;47696;29306;51505;47404;36318;39080;29844;10248;13197;12433;15707;4967;14395;6970;18103;66811;31811;63990;32493;;;;;22423;16617;20401;14218
63;Frankfurt (Oder) – Oder-Spree;12;Alternative für Deutschland;187968;191387;187968;191387;149770;142414;149770;142414;1575;1973;1092;1824;148195;140441;148678;140590;30829;39350;20169;41414;27856;22876;24737;19890;4463;8865;7066;9992;3528;9975;4677;12439;56620;30182;52666;28338;;;;;16785;15690;15771;13436
64;Cottbus – Spree-Neiße;12;Alternative für Deutschland;165942;171267;165942;171267;132378;128323;132378;128323;1470;1960;976;1768;130908;126363;131402;126555;30548;34882;18348;36098;22712;21072;20932;17502;;4662;5275;6939;3559;11400;4249;13603;54981;32530;51313;30729;;;;;12819;11156;12144;9670
65;Elbe-Elster – Oberspreewald-Lausitz;12;Alternative für Deutschland;169189;175310;169189;175310;134486;129863;134486;129863;1413;2232;1003;2045;133073;127631;133483;127818;22087;32998;16688;36557;24330;20892;22039;19231;2703;4436;3732;5369;3821;11275;4112;11904;57194;31468;54660;31767;;;;;15939;11430;11645;9269
12;Brandenburg;99;;2034083;2048844;2034083;2048844;1658616;1549464;1658616;1549464;16602;21706;11422;19821;1642014;1527758;1647194;1529643;336988;437753;243973;450573;332278;283668;297987;233891;85989;120005;108591;137472;44454;121094;53465;142426;565726;279978;535279;277412;;;;;189179;142628;176223;129762
;;;;;;;;;;;;;;;;;;;;;;;;;;;;;;;;;;;;;;;;;;;;;;;
66;Altmark – Jerichower Land;15;Alternative für Deutschland;227996;234872;227996;234872;178498;159806;178498;159806;2297;1943;1334;1705;176201;157863;177164;158101;28275;43047;20659;43232;38817;36724;34163;33916;4852;6803;5917;8476;6046;12748;5369;13876;69054;30498;66177;30225;;;;;22147;15676;18648;14807
67;Börde – Salzlandkreis;15;Alternative für Deutschland;217023;223295;217023;223295;170484;149905;170484;149905;2283;1935;1519;1694;168201;147970;168965;148211;22894;34994;17576;37489;37608;36089;32353;32560;3746;5625;4463;6516;4606;12252;4941;14017;72650;32738;70158;32075;;;;;17753;16675;15344;13615
68;Harz;15;Alternative für Deutschland;200217;207942;200217;207942;154072;138572;154072;138572;2049;1728;1249;1522;152023;136844;152823;137050;21243;34812;17601;37330;35708;37884;29903;30508;4958;6320;5858;7495;3405;10064;4178;12532;59306;24947;56490;24790;;;;;18076;14413;15487;12700
69;Magdeburg;15;Alternative für Deutschland;222983;229198;222983;229198;174468;156789;174468;156789;2419;1497;1239;1405;172049;155292;173229;155384;29618;39233;21865;41022;39726;34177;32205;28700;10305;14381;12271;16352;4647;12139;5231;14673;55457;23398;52629;23446;;;;;25560;15137;23224;16449
70;Anhalt – Dessau – Wittenberg;15;Alternative für Deutschland;227852;236539;227852;236539;176334;158740;176334;158740;2020;1974;1314;1742;174314;156766;175020;156998;18253;31881;18381;40710;51473;48366;37579;35648;8426;9203;6829;8410;3715;10937;5112;14285;67245;32723;65554;31264;;;;;17744;14580;16654;13730
71;Halle;15;–;224552;229809;224552;229809;173587;162935;173587;162935;2108;1726;1321;1552;171479;161209;172266;161383;30796;45274;20794;37952;38174;33934;31132;29727;9364;12989;15179;20459;5045;13021;6059;16508;52541;25956;49342;25077;;;;;27802;20708;26437;18275
72;Burgenland – Saalekreis;15;Alternative für Deutschland;203597;210378;203597;210378;157348;142699;157348;142699;1771;1785;1142;1456;155577;140914;156206;141243;15652;31258;14168;32444;37716;36495;29389;29898;3751;4945;4583;5885;4615;13161;5127;14415;69071;36270;66134;34824;;;;;17032;14027;13524;12098
73;Mansfeld;15;Alternative für Deutschland;210496;217742;210496;217742;163262;145315;163262;145315;2594;1995;1609;1745;160668;143320;161653;143570;17211;32698;15494;34906;34087;35694;29811;31329;3196;4060;3974;5108;5527;11762;5230;13718;70307;35535;69616;33791;;;;;19697;16360;14485;13656
15;Sachsen-Anhalt;99;;1734716;1789775;1734716;1789775;1348053;1214761;1348053;1214761;17541;14583;10727;12821;1330512;1200178;1337326;1201940;183942;293197;146538;305085;313309;299363;256535;252286;48598;64326;59074;78701;37606;96084;41247;114024;515631;242065;496100;235492;;;;;165811;127576;143803;115330
;;;;;;;;;;;;;;;;;;;;;;;;;;;;;;;;;;;;;;;;;;;;;;;
74;Berlin-Mitte;11;BÜNDNIS 90/DIE GRÜNEN;207445;207010;207445;207010;161873;140655;161873;140655;1053;2061;889;1856;160820;138594;160984;138799;26816;30611;24189;28881;22933;19216;21677;16526;40671;42443;34920;42486;4586;8448;6422;11040;13706;7632;14291;7810;;;;;38520;19764;43614;19610
75;Berlin-Pankow;11;BÜNDNIS 90/DIE GRÜNEN;235392;233069;235392;233069;199071;135593;199071;135593;2264;1459;931;1251;196807;134134;198140;134342;26103;21387;26046;20245;31921;23439;28627;22455;50855;35919;38821;34836;5407;4069;6555;4932;33174;19023;31087;19426;;;;;45010;19048;43182;19157
76;Berlin-Reinickendorf;11;Christlich Demokratische Union Deutschlands;172428;175195;172428;175195;134144;114070;134144;114070;1813;2361;1089;2118;132331;111709;133055;111952;28953;26901;22996;25740;40864;32972;35167;29580;17132;15523;17074;17477;4737;8333;5986;10331;23865;12583;23118;12731;;;;;15581;5194;15729;5067
77;Berlin-Spandau – Charlottenburg Nord;11;Sozialdemokratische Partei Deutschlands;176535;179896;176535;179896;133252;122863;133252;122863;1813;3048;1160;2908;131439;119815;132092;119955;36159;39062;24292;32853;34294;28647;31434;26158;12216;14004;14626;17193;4292;9954;5205;11798;25929;12440;25302;12780;;;;;15042;6484;17050;6074
78;Berlin-Steglitz-Zehlendorf;11;Christlich Demokratische Union Deutschlands;214757;217506;214757;217506;181872;171803;181872;171803;1697;2261;834;2223;180175;169542;181038;169580;40357;41371;32978;40677;55387;48530;48497;39905;39846;37751;35849;38460;7382;14929;10754;20813;18533;9277;18676;10036;;;;;15822;7196;20715;8076
79;Berlin-Charlottenburg-Wilmersdorf;11;Christlich Demokratische Union Deutschlands;195504;195586;195504;195586;162302;133235;162302;133235;1334;1419;759;1436;160968;131816;161543;131799;38183;33723;28927;28894;42271;33023;37333;29035;38672;33119;35121;35201;7062;10222;10335;13934;13869;7062;14328;7950;;;;;17861;7417;23464;8638
80;Berlin-Tempelhof-Schöneberg;11;BÜNDNIS 90/DIE GRÜNEN;229228;231477;229228;231477;186814;172069;186814;172069;1795;2613;1136;2731;185019;169456;185678;169338;37948;45220;32866;41215;45571;37902;38863;31751;45632;42680;36894;42791;5025;12041;7181;15633;20623;10013;20985;10921;;;;;22362;10177;32091;12706
81;Berlin-Neukölln;11;Die Linke;192506;196593;192506;196593;146235;134004;146235;134004;1396;2926;1063;2480;144839;131078;145172;131524;27265;33880;22853;31498;28488;25173;26185;22400;16137;25790;22260;29474;2792;8240;4033;9325;18893;10047;18874;10089;;;;;43412;16943;36687;15616
82;Berlin-Friedrichshain-Kreuzberg – Prenzlauer Berg Ost;11;Die Linke;218729;218824;218729;218824;180876;151276;180876;151276;1836;1644;736;1507;179040;149632;180140;149769;23516;24416;24137;26326;17940;12706;16721;11990;54769;56602;46622;55147;4272;6784;5010;7834;13846;6999;12996;7379;;;;;62050;27024;57056;27862
83;Berlin-Treptow-Köpenick;11;Die Linke;206841;206999;206841;206999;169813;156625;169813;156625;1133;2450;1030;2754;168680;154175;168783;153871;14472;23684;21403;35690;23747;21016;25858;20562;8081;15806;20226;24686;2961;8950;4949;12190;34646;17978;36410;19322;;;;;70572;54548;36609;24609
84;Berlin-Marzahn-Hellersdorf;11;Alternative für Deutschland;195867;198002;195867;198002;149485;133719;149485;133719;1287;2658;1041;2870;148198;131061;148444;130849;12927;18901;16171;29991;43262;38914;24498;21887;6089;8064;8911;11207;1869;5859;3802;9372;43743;20980;46294;22665;;;;;24883;28572;24746;20755
85;Berlin-Lichtenberg;11;Die Linke;196799;200461;196799;200461;155424;143826;155424;143826;1273;2719;1094;2659;154151;141107;154330;141167;13928;27413;18332;32403;27185;17696;21231;16891;8109;19179;16698;21777;2231;8463;3878;9796;33703;17415;34638;17916;;;;;52374;36409;36199;25840
11;Berlin;99;;2442031;2460618;2442031;2460618;1961161;1709738;1961161;1709738;18694;27619;11762;26793;1942467;1682119;1949399;1682945;326627;366569;295190;374413;413863;339234;356091;289140;338209;346880;328022;370735;52616;106292;74110;136998;294530;151449;296999;159025;;;;;423489;238776;387142;194010
;;;;;;;;;;;;;;;;;;;;;;;;;;;;;;;;;;;;;;;;;;;;;;;
86;Aachen I;5;Christlich Demokratische Union Deutschlands;172442;176306;172442;176306;143849;140020;143849;140020;2902;1107;865;727;140947;138913;142984;139293;27720;33087;25205;30588;45545;35562;34180;31772;39377;41942;34769;40421;5916;10906;6870;15032;;5314;13891;5427;;;;;13162;6161;18398;7453
87;Aachen II;5;Christlich Demokratische Union Deutschlands;224835;226420;224835;226420;182360;170670;182360;170670;6369;1883;1396;1583;175991;168787;180964;169087;53748;58189;37902;53408;70536;54808;57089;49838;13269;19976;17002;19918;8190;12055;7599;17892;;12632;34578;12409;;;;;13329;4496;12303;5259
88;Heinsberg;5;Christlich Demokratische Union Deutschlands;192359;192346;192359;192346;157147;145368;157147;145368;1588;1649;1114;1397;155559;143719;156033;143971;29810;37249;26662;38822;64623;57095;54975;46466;11799;15368;13621;16858;4680;10691;6516;16023;30788;10965;31410;11359;;;;;8958;3608;9855;4529
89;Düren;5;Christlich Demokratische Union Deutschlands;199302;199656;199302;199656;164549;153645;164549;153645;1449;1707;1130;1516;163100;151938;163419;152129;35854;46734;30306;44058;64996;55719;54483;46217;12153;14174;13843;16951;4591;11237;7006;17104;33137;12947;33517;13171;;;;;9105;3449;10498;4570
90;Rhein-Erft-Kreis I;5;Christlich Demokratische Union Deutschlands;247391;249035;247391;249035;207174;194862;207174;194862;1832;1909;1209;1461;205342;192953;205965;193401;53609;58858;40600;54714;71773;63635;65147;55068;20959;25409;23825;27566;7549;17542;10293;24227;34346;13537;34400;13417;;;;;13221;5889;14819;5682
91;Euskirchen – Rhein-Erft-Kreis II;5;Christlich Demokratische Union Deutschlands;248663;249198;248663;249198;207633;192814;207633;192814;2114;2031;1265;1540;205519;190783;206368;191274;42467;50892;36497;50949;78883;65981;69739;58081;19549;25005;22512;26161;8498;19805;9905;23314;37837;14999;37881;14894;;;;;11457;4993;12960;5730
92;Köln I;5;Sozialdemokratische Partei Deutschlands;190951;190630;190951;190630;153110;140901;153110;140901;1515;1097;877;821;151595;139804;152233;140080;37717;38985;29775;36933;37261;31636;33934;27695;30496;33405;27273;33501;4672;11490;6409;15040;20022;8789;18853;8363;;;;;16894;7213;22716;8267
93;Köln II;5;BÜNDNIS 90/DIE GRÜNEN;243912;242483;243912;242483;214600;204955;214600;204955;1213;972;679;622;213387;203983;213921;204333;35124;40103;37916;43193;59925;50918;53426;41834;72858;70658;55085;65240;8061;16950;12933;26470;12775;5587;13444;5891;;;;;18454;8771;28762;10399
94;Köln III;5;BÜNDNIS 90/DIE GRÜNEN;206670;204539;206670;204539;169135;155242;169135;155242;1314;1107;782;840;167821;154135;168353;154402;43307;46149;33496;39901;32638;28674;32522;27485;43697;43600;36769;44407;4773;10708;5715;13845;19459;8015;18860;7876;;;;;18806;8435;27502;9903
95;Bonn;5;Christlich Demokratische Union Deutschlands;228611;230215;228611;230215;193693;185557;193693;185557;1651;1447;980;1113;192042;184110;192713;184444;41567;46251;34068;41641;63973;44872;50413;41551;46819;46467;44136;50174;4737;23198;9995;21902;15681;7448;17186;7750;;;;;14776;6675;23994;10026
96;Rhein-Sieg-Kreis I;5;Christlich Demokratische Union Deutschlands;238117;238627;238117;238627;199363;188217;199363;188217;1772;1751;1089;1393;197591;186466;198274;186824;44274;53213;35512;49529;70350;60776;63340;51474;22218;26270;24764;29305;8438;16604;9897;23122;34562;13045;34457;13604;;;;;11330;6242;13448;6353
97;Rhein-Sieg-Kreis II;5;Christlich Demokratische Union Deutschlands;214269;216063;214269;216063;183170;176637;183170;176637;1436;1317;891;1216;181734;175320;182279;175421;32287;41004;30333;41753;79638;70144;63717;51795;23157;26956;26800;31027;5879;13914;10261;23435;25830;10385;26034;10551;;;;;9770;4607;11888;5687
98;Oberbergischer Kreis;5;Christlich Demokratische Union Deutschlands;204344;206640;204344;206640;169836;160146;169836;160146;1577;1639;1229;1472;168259;158507;168607;158674;34869;42461;29969;42413;62101;53757;53401;44018;14812;19015;16032;19959;5476;15636;7771;19796;36265;15071;35721;15211;;;;;10064;4587;10598;5153
99;Rheinisch-Bergischer Kreis;5;Christlich Demokratische Union Deutschlands;214554;217193;214554;217193;184451;176933;184451;176933;1295;1349;1001;1037;183156;175584;183450;175896;34423;39827;33924;44429;77303;52714;61967;48224;25245;31626;27582;32285;9053;29576;10199;24373;22757;9518;24340;10051;;;;;9308;4845;11972;5222
100;Leverkusen – Köln IV;5;Sozialdemokratische Partei Deutschlands;206279;209102;206279;209102;165364;154163;165364;154163;1593;1403;1030;1163;163771;152760;164334;153000;53574;69662;34871;44586;41855;31197;40450;33246;18081;17290;23355;29329;5102;11050;6418;15931;25439;10797;25392;10966;;;;;14848;5657;19137;7318
101;Wuppertal I;5;Sozialdemokratische Partei Deutschlands;196546;202528;196546;202528;152965;146699;152965;146699;1527;1741;1004;1300;151438;144958;151961;145399;50775;54065;30725;42421;36823;31960;35769;30527;13019;18932;19111;25388;4561;13756;6282;15970;27691;11995;27221;12090;;;;;13824;6742;18583;8055
102;Solingen – Remscheid – Wuppertal II;5;Christlich Demokratische Union Deutschlands;216618;220204;216618;220204;173656;163495;173656;163495;1511;1526;1091;1277;172145;161969;172565;162218;47237;52852;34679;48196;55860;44778;49129;39413;14997;20967;19322;24296;5555;17406;8171;20256;31911;12335;31539;12506;;;;;12886;5099;14540;6076
103;Mettmann I;5;Christlich Demokratische Union Deutschlands;200861;203030;200861;203030;167725;159457;167725;159457;1481;1561;996;1149;166244;157896;166729;158308;37459;39326;31486;42385;60821;47326;53525;43354;20715;36095;21296;25430;7480;14873;9418;21083;26198;10704;25930;10658;;;;;10712;4252;11506;4956
104;Mettmann II;5;Christlich Demokratische Union Deutschlands;156872;160175;156872;160175;129858;123769;129858;123769;1231;1172;761;877;128627;122597;129097;122892;32170;37635;25094;34409;46153;38429;41355;33254;14237;17730;14517;18112;5007;11158;6816;16235;22096;8894;21731;9104;;;;;8542;3395;9158;3887
105;Düsseldorf I;5;Christlich Demokratische Union Deutschlands;224440;220827;224440;220827;187087;175110;187087;175110;1412;1162;764;807;185675;173948;186323;174303;39355;38955;32067;38195;67117;54158;56471;44892;32269;36926;34049;39452;9883;24242;14550;27743;18226;7002;18535;7495;;;;;13318;5094;17731;6741
106;Düsseldorf II;5;Christlich Demokratische Union Deutschlands;188871;190102;188871;190102;151917;142287;151917;142287;1309;1153;778;855;150608;141134;151139;141432;34737;41169;28534;35671;43286;34801;38007;31639;27347;30201;25780;31524;6249;14143;8236;17335;19575;8214;19608;8503;;;;;14022;5418;17790;6931
107;Neuss I;5;Christlich Demokratische Union Deutschlands;210819;213250;210819;213250;173213;162167;173213;162167;1653;1605;1032;1201;171560;160562;172181;160966;46410;51391;32057;43760;62250;57445;56599;48166;14559;18051;18439;21951;7267;12932;9019;20333;29039;10801;29147;11298;;;;;12035;4153;12781;4771
108;Mönchengladbach;5;Christlich Demokratische Union Deutschlands;181209;185185;181209;185185;140093;129646;140093;129646;1647;1707;974;1241;138446;127939;139119;128405;36398;37548;26039;34877;50180;45550;42525;36555;13648;17302;13843;18166;4553;10957;6325;15459;25290;9915;25127;9641;;;;;;;13206;4927
109;Krefeld I – Neuss II;5;Christlich Demokratische Union Deutschlands;196586;200048;196586;200048;164175;155726;164175;155726;1494;1520;931;1132;162681;154206;163244;154594;36512;39253;29573;39407;61543;51500;55632;45635;17840;24383;20007;24014;8910;18781;10106;22069;23769;9150;23886;9342;;;;;10838;4319;11476;4680
110;Viersen;5;Christlich Demokratische Union Deutschlands;223737;227166;223737;227166;185888;175085;185888;175085;1736;1740;1166;1333;184152;173345;184722;173752;38071;47806;33644;46375;73676;62123;64228;52896;19438;24394;21085;25673;7317;15140;10039;22281;29425;10312;29312;10357;;;;;11337;5558;11875;5203
111;Kleve;5;Christlich Demokratische Union Deutschlands;223650;225463;223650;225463;182410;171093;182410;171093;1387;1628;1094;1326;181023;169465;181316;169767;39197;48142;34004;47837;74624;63701;66213;54793;16447;23477;18986;23587;6098;14821;8100;19542;28974;9788;29097;9632;;;;;10755;4235;11625;4728
112;Wesel I;5;Christlich Demokratische Union Deutschlands;204087;206270;204087;206270;170462;160625;170462;160625;1425;1460;970;1128;169037;159165;169492;159497;47432;54488;39286;53277;58855;47448;53363;42544;13787;19928;16092;20629;6123;14452;7204;17302;29375;10842;29405;10994;;;;;10274;4598;11150;5103
113;Krefeld II – Wesel II;5;Christlich Demokratische Union Deutschlands;173314;175852;173314;175852;140198;131664;140198;131664;1267;1378;841;1048;138931;130286;139357;130616;42077;45852;31190;41476;44337;37033;40218;32316;12057;17398;15317;19539;4955;10954;6702;14899;23341;9077;23133;9189;;;;;8553;4100;11212;4703
114;Duisburg I;5;Sozialdemokratische Partei Deutschlands;159961;163394;159961;163394;127170;118600;127170;118600;1297;1320;862;1006;125873;117280;126308;117594;49116;47314;32468;41308;27748;24299;28994;23166;9830;16777;13470;17912;3081;8203;4228;10593;22224;11101;21867;9802;;;;;10805;5500;13149;5580
115;Duisburg II;5;Sozialdemokratische Partei Deutschlands;152391;155265;152391;155265;111932;98339;111932;98339;1413;1530;1093;1173;110519;96809;110839;97166;36554;38162;27970;35842;21964;19404;21710;18168;7708;10518;7478;10287;2402;6901;2954;7913;29325;13361;27232;11834;;;;;10072;4889;12257;4508
116;Oberhausen – Wesel III;5;Sozialdemokratische Partei Deutschlands;193877;199156;193877;199156;155814;145232;155814;145232;1508;1478;1000;1216;154306;143754;154814;144016;48435;55790;38973;53034;41526;32277;38608;30770;12639;17171;13760;17945;4456;10132;5247;13573;32461;13601;31566;13099;;;;;12057;4908;12769;5613
117;Mülheim – Essen I;5;Sozialdemokratische Partei Deutschlands;177448;182895;177448;182895;145635;139658;145635;139658;1279;1503;779;1069;144356;138155;144856;138589;46990;50168;34203;46084;41764;33090;40688;32698;13280;19547;15927;20232;4958;11884;6189;15188;25140;11704;24695;11135;;;;;9854;3663;11360;4494
118;Essen II;5;Sozialdemokratische Partei Deutschlands;152295;156298;152295;156298;114166;105472;114166;105472;1243;1274;846;1063;112923;104198;113320;104409;34227;39410;26237;35363;27842;23735;25277;21039;9316;12647;10174;13971;2683;6976;3360;9531;26058;12015;24911;11521;;;;;10655;4325;12072;4525
119;Essen III;5;Christlich Demokratische Union Deutschlands;186492;190335;186492;190335;157665;152860;157665;152860;1399;1013;672;797;156266;151847;156993;152063;38546;45612;33184;42629;55806;46635;46387;37053;24617;28745;25317;30764;4835;10871;7710;17995;18664;8225;19130;8398;;;;;11667;5030;14178;6117
120;Recklinghausen I;5;Sozialdemokratische Partei Deutschlands;161611;165193;161611;165193;129041;121640;129041;121640;999;1121;731;903;128042;120519;128310;120737;42357;49437;29886;42552;36873;30845;35131;27988;8687;12833;12447;15180;3278;8481;4581;11989;25911;11087;25874;10927;;;;;7544;3605;9622;4239
121;Recklinghausen II;5;Christlich Demokratische Union Deutschlands;182424;186413;182424;186413;147467;137841;147467;137841;1313;1467;885;1103;146154;136374;146582;136738;42454;51050;34276;48563;46217;38325;42174;33610;10573;14836;12831;15627;3418;11283;5171;13571;30367;13108;30725;12522;;;;;8501;3881;9722;4084
122;Gelsenkirchen;5;Sozialdemokratische Partei Deutschlands;164673;168496;164673;168496;122676;112317;122676;112317;1223;1233;900;1033;121453;111084;121776;111284;38118;44965;29342;41326;28051;21954;27665;22091;7379;11286;7944;11170;4038;9014;3682;9721;31302;15555;30032;14204;;;;;10246;3559;11485;3853
123;Steinfurt I – Borken I;5;Christlich Demokratische Union Deutschlands;201685;202388;201685;202388;168635;156894;168635;156894;1067;1176;886;975;167568;155718;167749;155919;38036;44047;31173;44788;70063;62322;65098;52625;15800;18743;17571;20525;5775;14515;7070;17783;25233;8482;24879;8385;;;;;10028;3699;10636;4469
124;Bottrop – Recklinghausen III;5;Christlich Demokratische Union Deutschlands;195336;199344;195336;199344;157954;148734;157954;148734;1335;1378;984;1111;156619;147356;156970;147623;46277;57560;36279;51637;49624;39834;45951;36814;10249;15144;13164;16434;4185;11352;5422;14647;32869;14075;32770;13899;;;;;8927;3887;10512;4484
125;Borken II;5;Christlich Demokratische Union Deutschlands;200973;201103;200973;201103;172539;162159;172539;162159;1213;1260;858;883;171326;160899;171681;161276;33511;40851;29835;42303;82003;70334;72746;59102;16486;20028;18302;21738;5042;13404;7571;19081;22179;7909;22829;7724;;;;;8743;3928;9358;3914
126;Coesfeld – Steinfurt II;5;Christlich Demokratische Union Deutschlands;194072;194695;194072;194695;169789;161064;169789;161064;1264;1118;868;882;168525;159946;168921;160182;34151;40145;30231;42647;76817;65402;67890;55230;21570;27069;22841;25506;5410;12409;7231;17927;20523;7241;21275;7339;;;;;7708;4242;9221;4093
127;Steinfurt III;5;Christlich Demokratische Union Deutschlands;194165;195513;194165;195513;165587;155635;165587;155635;1124;1292;908;1103;164463;154343;164679;154532;41395;48068;36478;50555;62252;52445;54548;42528;19383;23978;19903;23996;4874;11394;6572;16113;25482;8785;24959;9253;;;;;9868;4611;10611;4723
128;Münster;5;BÜNDNIS 90/DIE GRÜNEN;237654;233953;237654;233953;208022;196276;208022;196276;1207;981;799;820;206815;195295;207223;195456;42553;47047;37437;45844;58996;51096;53313;43790;64529;63160;55149;60036;6779;13038;9629;20786;13426;5234;14210;5603;;;;;14083;7078;25927;9746
129;Warendorf;5;Christlich Demokratische Union Deutschlands;207690;208754;207690;208754;175965;165808;175965;165808;1440;1443;1037;1186;174525;164365;174928;164622;36284;50685;32533;47648;72681;59631;64092;51722;18940;21245;19715;23309;5119;12768;7133;18193;27935;10211;27955;10533;;;;;9798;4074;10946;4525
130;Gütersloh I;5;Christlich Demokratische Union Deutschlands;232757;234177;232757;234177;192682;179726;192682;179726;1780;1604;1311;1378;190902;178122;191371;178348;40230;45878;34663;47371;79377;71185;63908;52421;17265;22851;22189;28308;5941;13507;8477;21211;32668;12812;35110;13299;;;;;10489;4284;12240;5173
131;Bielefeld – Gütersloh II;5;Sozialdemokratische Partei Deutschlands;240475;243059;240475;243059;197039;185345;197039;185345;1643;1481;1148;1182;195396;183864;195891;184163;53131;55234;39841;50009;50740;40928;45716;37355;31273;40015;32373;40161;5930;17793;8168;20658;27994;12294;28142;12448;;;;;19803;9905;25810;11462
132;Herford – Minden-Lübbecke II;5;Christlich Demokratische Union Deutschlands;223060;226894;223060;226894;181749;170464;181749;170464;1661;1646;1223;1408;180088;168818;180526;169056;52574;61554;38800;53359;54251;45138;50128;39769;12898;18090;17508;22732;5867;14021;7448;19884;38341;15855;38431;16144;;;;;10738;5332;12854;6038
133;Minden-Lübbecke I;5;Christlich Demokratische Union Deutschlands;199147;201888;199147;201888;163424;152935;163424;152935;1744;1419;1214;1363;161680;151516;162210;151572;39931;58168;35923;49351;51970;39679;44594;35814;15009;15886;15379;19762;5431;12494;6785;17486;35399;13445;35282;13892;;;;;9057;3940;10761;4857
134;Lippe I;5;Christlich Demokratische Union Deutschlands;221602;224415;221602;224415;182679;172402;182679;172402;1922;1897;1324;1531;180757;170505;181355;170871;42552;52359;37926;53130;56640;44650;49204;39001;21911;26932;19245;23276;5474;16648;7713;20221;39426;16221;39517;16789;;;;;10896;5283;12324;6414
135;Höxter – Gütersloh III – Lippe II;5;Christlich Demokratische Union Deutschlands;169491;172435;169491;172435;141965;134346;141965;134346;1581;1416;1195;1258;140384;132930;140770;133088;26204;37210;23930;36253;60580;53294;51273;43265;10481;12685;11736;14717;4389;9462;6076;15488;28853;11244;29064;11533;;;;;7395;3345;7904;3762
136;Paderborn;5;Christlich Demokratische Union Deutschlands;231585;231534;231585;231534;192379;178377;192379;178377;1503;1540;1107;1395;190876;176837;191272;176982;29105;33513;26305;39089;86833;84669;71383;58419;20144;22926;21998;26981;4528;9845;8049;21877;34924;13152;36232;14360;;;;;11950;5532;13551;5858
137;Hagen – Ennepe-Ruhr-Kreis I;5;Christlich Demokratische Union Deutschlands;195955;201594;195955;201594;153869;144751;153869;144751;1523;1651;1000;1142;152346;143100;152869;143609;39055;47581;32724;47400;44053;37718;43380;34210;12544;17954;13448;17237;5190;13531;5897;16179;32562;14419;31913;13760;;;;;9025;4552;11933;4857
138;Ennepe-Ruhr-Kreis II;5;Christlich Demokratische Union Deutschlands;170960;175283;170960;175283;142860;136706;142860;136706;1182;1252;819;1006;141678;135454;142041;135700;42576;47993;33730;45664;43774;33357;38804;29855;14587;21734;17813;21941;4263;11530;5787;14432;23490;9731;23813;9654;;;;;8617;3715;10659;5029
139;Bochum I;5;Sozialdemokratische Partei Deutschlands;200128;202393;200128;202393;163515;154691;163515;154691;1377;2624;872;1103;162138;152067;162643;153588;53007;58235;39363;50162;39934;32962;38267;29811;22181;28288;24224;30795;4681;13657;5942;14583;22797;;22483;10232;;;;;15274;9361;19652;8225
140;Herne – Bochum II;5;Sozialdemokratische Partei Deutschlands;170434;173939;170434;173939;132194;123045;132194;123045;1513;1535;1031;1204;130681;121510;131163;121841;43832;52792;33909;46578;31032;24027;29840;23164;11111;14262;11719;15383;2948;8455;3893;10623;28088;11863;27453;11882;;;;;10878;4667;12576;5029
141;Dortmund I;5;Sozialdemokratische Partei Deutschlands;203655;206727;203655;206727;165438;155814;165438;155814;1351;1098;943;940;164087;154716;164495;154874;50260;51037;37861;50117;38929;30051;36346;27797;22994;26308;25180;31867;4857;10416;5913;14550;26058;10577;25853;10746;;;;;15047;5908;19459;7566
142;Dortmund II;5;Sozialdemokratische Partei Deutschlands;195508;199317;195508;199317;154308;143855;154308;143855;1537;1298;1018;1065;152771;142557;153290;142790;49485;55695;37510;51080;37960;28897;36026;27650;15742;21028;17291;21714;4047;10270;5405;13629;28240;11816;27597;11290;;;;;13794;5823;15577;6361
143;Unna I;5;Sozialdemokratische Partei Deutschlands;190511;194493;190511;194493;157471;148083;157471;148083;1412;1322;976;1147;156059;146761;156495;146936;49685;59869;38636;53490;46506;36810;42844;31995;14058;20340;16275;20022;3973;9137;5436;15286;29075;11736;29411;11428;;;;;9491;4731;11269;5154
144;Hamm – Unna II;5;Sozialdemokratische Partei Deutschlands;227725;231226;227725;231226;181960;168760;181960;168760;1718;1708;1176;1332;180242;167052;180784;167428;58098;67774;41847;59227;54188;44266;51262;40444;11585;16958;14776;19149;4810;12058;6099;16764;38695;15562;38096;15497;;;;;12866;6285;13545;5694
145;Soest;5;Christlich Demokratische Union Deutschlands;229384;231811;229384;231811;190495;179003;190495;179003;1479;1554;1030;1174;189016;177449;189465;177829;42543;54614;34834;51061;70482;58791;66360;51697;18136;22154;19040;24089;7447;17826;7681;21005;36667;13992;35823;14206;;;;;11204;5548;11577;5520
146;Hochsauerlandkreis;5;Christlich Demokratische Union Deutschlands;196716;200496;196716;200496;165047;156518;165047;156518;1047;1101;865;1024;164000;155417;164182;155494;35079;50056;26873;44640;78260;62810;71615;52017;10025;12478;12026;15473;4182;10806;6299;18712;26025;10068;27390;11532;;;;;7646;2685;8774;3989
147;Siegen-Wittgenstein;5;Christlich Demokratische Union Deutschlands;202346;207672;202346;207672;168209;162162;168209;162162;1419;1336;998;1164;166790;160826;167211;160998;40825;48897;33313;50327;56827;54042;52767;42161;12486;16624;14338;17842;5300;13586;6628;18597;34137;14424;33905;14709;;;;;10725;4900;12099;5726
148;Olpe – Märkischer Kreis I;5;Christlich Demokratische Union Deutschlands;198265;203350;198265;203350;163342;154830;163342;154830;1410;1446;1035;1159;161932;153384;162307;153671;33640;45366;26688;42362;68241;56879;63117;50364;10191;13645;11717;15243;5650;15944;6416;19227;32358;13104;33289;13100;;;;;8231;3935;8900;4150
149;Märkischer Kreis II;5;Christlich Demokratische Union Deutschlands;191152;195816;191152;195816;153121;143689;153121;143689;1324;1229;975;1081;151797;142460;152146;142608;34522;43346;27788;42230;58968;47937;51785;40368;9878;12866;11435;14880;4577;12749;6027;17125;31657;12933;32474;13082;;;;;9917;4668;10286;4804
5;Nordrhein-Westfalen;99;;12883912;13040267;12883912;13040267;10588884;9960984;10588884;9960984;99150;92465;63307;72954;10489734;9868519;10525577;9888030;2633518;3068628;2108383;2880226;3566697;2973458;3170708;2566719;1230334;1500696;1300915;1587067;349391;851337;462644;1130154;1720361;705020;1769822;717510;;;;;714177;317869;877058;366947
;;;;;;;;;;;;;;;;;;;;;;;;;;;;;;;;;;;;;;;;;;;;;;;
150;Nordsachsen;14;Alternative für Deutschland;158368;161279;158368;161279;126905;119206;126905;119206;1183;1541;849;1449;125722;117665;126056;117757;12555;22257;10562;24732;31395;26883;26170;23000;3090;5883;4308;5462;2684;10251;4012;12476;55022;32702;53909;32066;;;;;10501;9446;10081;8868
151;Leipzig I;14;–;225020;224100;225020;224100;183932;167696;183932;167696;979;1569;939;1277;182953;166127;182993;166419;21470;33588;18454;34748;39285;34107;31902;24953;13796;19778;19746;25848;3828;13397;5826;17660;45728;26450;46287;25891;;;;;39376;25436;38513;20884
152;Leipzig II;14;Die Linke;232750;231178;232750;231178;195980;180880;195980;180880;823;1421;750;1043;195157;179459;195230;179837;16610;29731;21930;37634;31272;29538;30752;23561;19954;32995;31717;38264;3987;13271;6129;17439;36547;20667;36424;20213;;;;;71809;40938;46692;26472
153;Leipzig-Land;14;Alternative für Deutschland;210913;212853;210913;212853;172195;162283;172195;162283;1237;2042;1078;1836;170958;160241;171117;160447;18681;31989;15100;34104;42038;39066;38097;32711;6048;8056;7869;9381;4392;15698;5850;18322;65284;39348;65839;38458;;;;;14925;12672;14985;12362
154;Meißen;14;Alternative für Deutschland;192750;197004;192750;197004;157183;149341;157183;149341;1473;1904;945;1747;155710;147437;156238;147594;11412;22771;11025;26045;37049;32924;31182;25912;6530;7590;7129;8872;8223;13727;5919;17212;70576;45705;68155;43940;;;;;14696;10344;12236;10725
155;Bautzen I;14;Alternative für Deutschland;200548;206895;200548;206895;161811;159233;161811;159233;1596;2098;1181;2145;160215;157135;160630;157088;11385;21006;10375;26674;38642;40929;32190;29213;3483;4090;4691;6247;4199;12634;5002;17187;77339;52492;73914;50050;;;;;15655;14134;12469;12272
156;Görlitz;14;Alternative für Deutschland;196271;204105;196271;204105;155052;153057;155052;153057;1280;2234;1118;2064;153772;150823;153934;150993;9626;18928;9814;25441;37197;39299;30406;27630;4659;6182;5159;7358;2951;11222;4484;15039;75145;53970;71854;49123;;;;;9795;11835;11900;11327
157;Sächsische Schweiz-Osterzgebirge;14;Alternative für Deutschland;195873;199703;195873;199703;160400;154159;160400;154159;1664;2120;983;2005;158736;152039;159417;152154;12765;17505;9505;23545;35961;29176;30820;26028;4751;6830;6318;8023;4477;12920;5170;17814;77899;50203;74174;48580;;;;;14522;15215;11716;11653
158;Dresden I;14;Alternative für Deutschland;225103;228643;225103;228643;184922;181120;184922;181120;1857;1577;852;1394;183065;179543;184070;179726;21456;26271;18241;34125;50040;37811;36585;27710;19898;17137;22544;27369;6230;18588;7082;21989;53853;33780;50387;32122;;;;;26086;33872;25444;18910
159;Dresden II – Bautzen II;14;Alternative für Deutschland;233493;234432;233493;234432;196333;189409;196333;189409;1554;1649;877;1404;194779;187760;195456;188005;18245;28700;16601;30620;47108;35014;35306;26037;22140;25527;25517;31265;5130;20711;6947;22884;58240;34979;55902;36003;;;;;31962;22160;31002;20913
160;Mittelsachsen;14;Alternative für Deutschland;187924;193828;187924;193828;148354;147733;148354;147733;1329;2005;868;1741;147025;145728;147486;145992;13320;25727;11145;27000;39663;34638;30403;25603;3680;5398;5172;6822;4284;14420;4676;16897;66689;48725;64097;43821;;;;;13233;12164;11800;11687
161;Chemnitz;14;Alternative für Deutschland;183295;188691;183295;188691;144921;140700;144921;140700;777;1371;695;1121;144144;139329;144226;139579;24106;34958;16006;32616;30849;25801;28020;20713;6562;9934;9571;12680;3316;13934;4522;15781;46418;30502;47095;30089;;;;;14354;15229;17643;15008
162;Chemnitzer Umland – Erzgebirgskreis II;14;Alternative für Deutschland;171911;177211;171911;177211;140053;137423;140053;137423;1874;1664;846;1441;138179;135759;139207;135982;16137;23181;11899;27518;38302;32111;29537;24662;3827;5617;4523;6138;4654;11872;4416;15117;61030;39264;57241;37181;;;;;14229;11330;10864;11166
163;Erzgebirgskreis I;14;Alternative für Deutschland;202995;210941;202995;210941;164324;161756;164324;161756;1683;2261;1508;2121;162641;159495;162816;159635;10741;23650;10739;28848;40717;40550;33585;31340;2597;4001;3646;5194;3590;11914;4797;16210;75867;50571;75154;48794;;;;;11122;12787;11359;12078
164;Zwickau;14;Alternative für Deutschland;189565;197831;189565;197831;150837;147142;150837;147142;1202;1854;968;1596;149635;145288;149869;145546;14837;24094;13376;30718;35428;30798;31806;27024;3485;5988;4910;7134;4356;13991;4571;15431;59722;37135;60791;36601;;;;;11212;22583;12799;13629
165;Vogtlandkreis;14;Alternative für Deutschland;177440;184973;177440;184973;141582;137816;141582;137816;1593;2065;864;1673;139989;135751;140718;136143;13974;26413;12383;30436;37770;37637;30407;26782;4524;6378;4436;6263;3412;11512;4092;13708;60676;36388;57140;34112;;;;;13335;12655;10937;12058
14;Sachsen;99;;3184219;3253667;3184219;3253667;2584784;2488954;2584784;2488954;22104;29375;15321;26057;2562680;2459579;2569463;2462897;247320;410769;217155;474804;612716;546282;507168;422879;129024;171384;167256;212320;69713;220062;83495;271166;986035;632881;958363;607044;;;;;326812;282800;290440;230012
;;;;;;;;;;;;;;;;;;;;;;;;;;;;;;;;;;;;;;;;;;;;;;;
166;Waldeck;6;Christlich Demokratische Union Deutschlands;180475;184073;180475;184073;150103;138130;150103;138130;1662;2140;1393;2087;148441;135990;148710;136043;41883;51613;33994;49064;46166;35734;42778;30392;10559;13581;12718;14775;4863;12062;5921;15288;31701;12536;31359;12899;;;;;8462;4208;9115;4441
167;Kassel;6;Sozialdemokratische Partei Deutschlands;214132;218474;214132;218474;175151;162809;175151;162809;2057;2213;1558;1980;173094;160596;173593;160829;47903;57919;38770;51812;42003;32765;38984;28183;24335;27744;25224;30348;4734;12966;6238;16448;28122;11348;27359;12141;;;;;20208;9357;21334;10518
168;Werra-Meißner – Hersfeld-Rotenburg;6;Christlich Demokratische Union Deutschlands;167770;171886;167770;171886;138613;130905;138613;130905;1651;1865;1432;1879;136962;129040;137181;129026;38010;56383;30447;48579;44170;34527;38981;27867;7357;8032;9947;11595;3326;7135;5247;12807;30924;14204;31856;14899;;;;;7245;3890;8575;4524
169;Schwalm-Eder;6;–;182432;185944;182432;185944;153583;141494;153583;141494;1854;2240;1538;2323;151729;139254;152045;139171;42943;54792;34060;50100;45653;33443;41681;29913;8704;12360;11875;14089;4330;12234;6169;15422;36357;14380;36109;15047;;;;;7975;3761;8625;4411
170;Marburg;6;Sozialdemokratische Partei Deutschlands;179871;181588;179871;181588;152351;141581;152351;141581;1188;1503;970;1312;151163;140078;151381;140269;45774;51630;31104;42098;44013;36528;39797;31042;13738;18709;19597;22347;3481;9334;5910;14789;27634;12591;27522;12558;;;;;11452;6588;16006;8089
171;Lahn-Dill;6;Christlich Demokratische Union Deutschlands;203566;206532;203566;206532;166096;153384;166096;153384;1682;2339;1398;1984;164414;151045;164698;151400;39556;49923;31086;44546;56420;45441;49667;37725;11202;13754;14492;16957;4544;12060;6699;17327;37997;15816;37483;17513;;;;;8678;4756;10932;5102
172;Gießen;6;Christlich Demokratische Union Deutschlands;215142;217514;215142;217514;178691;161919;178691;161919;1749;2144;1445;2217;176942;159775;177246;159702;49203;48514;33232;44046;53851;47283;47077;36201;15277;21249;21925;26109;4906;12109;7410;17106;33549;14496;33917;14836;;;;;12442;6339;17359;8028
173;Fulda;6;Christlich Demokratische Union Deutschlands;206544;208542;206544;208542;174967;163560;174967;163560;1471;1895;1285;1856;173496;161665;173682;161704;23675;35168;22299;36343;75039;61573;65247;50312;11460;13833;13195;16324;5969;13894;8517;20528;39789;24508;40952;21443;;;;;7254;4648;9085;4447
174;Main-Kinzig – Wetterau II – Schotten;6;Christlich Demokratische Union Deutschlands;175443;178307;175443;178307;146919;137070;146919;137070;1616;2186;1295;2033;145303;134884;145624;135037;29795;41160;23746;36943;49613;37118;44475;32685;10739;12691;12820;15009;4755;15098;6777;17046;36229;17586;36169;17079;;;;;7063;4078;8356;4308
175;Hochtaunus;6;Christlich Demokratische Union Deutschlands;178433;179842;178433;179842;152705;144012;152705;144012;1346;1556;1001;1330;151359;142456;151704;142682;29458;38424;25252;35171;57261;44549;50934;37331;18418;21769;19814;22486;7275;16132;9963;21996;25045;10709;24855;11156;;;;;8108;3772;9353;4441
176;Wetterau I;6;Christlich Demokratische Union Deutschlands;176890;176897;176890;176897;149797;138935;149797;138935;1442;2010;1164;1678;148355;136925;148633;137257;38192;40618;26144;35909;49929;38807;45704;32419;14407;18996;19686;21917;5766;15000;7963;19043;25930;11318;25828;11680;;;;;7726;3904;10598;4905
177;Rheingau-Taunus – Limburg;6;Christlich Demokratische Union Deutschlands;217091;220466;217091;220466;182786;172247;182786;172247;1725;2267;1208;1765;181061;169980;181578;170482;40099;48441;30839;43708;66650;51318;60697;44413;19472;24418;22142;25328;7660;18126;10177;23745;31376;13547;31944;14523;;;;;9026;4563;11453;5395
178;Wiesbaden;6;Christlich Demokratische Union Deutschlands;186038;186735;186038;186735;148191;136214;148191;136214;1431;1607;984;1348;146760;134607;147207;134866;32698;34750;25711;33546;44994;35375;39189;28523;21876;25811;23494;26818;5944;13995;8234;18947;20405;9192;20737;9588;;;;;15412;6652;16942;7128
179;Hanau;6;Christlich Demokratische Union Deutschlands;175251;176271;175251;176271;143473;131412;143473;131412;1578;2036;1218;1760;141895;129376;142255;129652;35907;40291;26049;35739;45343;36019;40879;29223;12133;15995;15483;18258;5153;13106;7024;17158;27152;13364;27407;13257;;;;;10768;4462;12169;4948
180;Main-Taunus;6;Christlich Demokratische Union Deutschlands;193390;195514;193390;195514;165897;157718;165897;157718;1344;1782;1044;1437;164553;155936;164853;156281;29237;35493;25838;34468;65485;51985;57903;42260;23001;26373;23886;26771;8846;20295;12190;26335;21541;10588;21890;10427;;;;;9861;4272;10899;4708
181;Frankfurt am Main I;6;–;203423;201216;203423;201216;160181;145010;160181;145010;1547;1507;1159;1247;158634;143503;159022;143763;40832;41604;27190;32499;41232;31163;37384;25915;25758;26922;28697;33821;7418;16369;10541;21361;17067;7909;17092;7846;;;;;20329;12562;24476;10384
182;Frankfurt am Main II;6;–;231104;227207;231104;227207;191699;175004;191699;175004;1489;1752;1119;1353;190210;173252;190580;173651;35099;40431;32775;38777;52042;38995;47486;31660;50303;50230;39503;44370;8768;19766;12532;25530;17451;7990;17799;8188;;;;;18794;10629;25783;11901
183;Groß-Gerau;6;–;172337;174082;172337;174082;140681;129261;140681;129261;1682;1925;1252;1677;138999;127336;139429;127584;40121;42598;27978;37973;42181;35334;37903;27301;11195;14890;15832;18928;4667;10726;6266;14999;22817;10880;23606;11246;;;;;12390;5047;13876;5394
184;Offenbach;6;Christlich Demokratische Union Deutschlands;218352;219511;218352;219511;174370;158052;174370;158052;1852;2331;1407;2238;172518;155721;172963;155814;38383;41035;30178;38799;53812;43347;47974;35754;25416;26229;22646;27062;6606;14828;9360;20625;26300;11851;26232;12098;;;;;17842;7497;19893;7787
185;Darmstadt;6;–;239490;240763;239490;240763;203008;188916;203008;188916;1748;2462;1274;1888;201260;186454;201734;187028;42398;51046;37368;49273;53801;42351;48719;34472;43629;44364;38495;41948;6626;17192;9664;22256;27391;11210;27443;12194;;;;;15384;9332;22541;10764
186;Odenwald;6;Christlich Demokratische Union Deutschlands;230672;233901;230672;233901;194828;179830;194828;179830;2196;3020;1612;2704;192632;176810;193216;177126;47730;57172;35037;49518;65469;49367;59337;42857;17328;21630;21757;24694;6825;17110;9539;22433;35565;14963;36239;15983;;;;;11705;5991;13739;6333
187;Bergstraße;6;Christlich Demokratische Union Deutschlands;195418;197782;195418;197782;164913;153176;164913;153176;1705;1926;1264;1733;163208;151250;163649;151443;34229;41124;28439;41124;59212;46125;51097;37064;14917;20955;18345;21457;6289;16175;8475;20432;33330;14351;32973;14377;;;;;8813;4149;9970;4629
6;Hessen;99;;4343264;4383047;4343264;4383047;3609003;3340639;3609003;3340639;36015;44706;28020;39829;3572988;3295933;3580983;3300810;843125;1000129;657536;910035;1154339;909147;1033893;753512;411224;480535;451573;521411;128751;315712;180816;421621;633672;285337;636771;290978;;;;;256937;130457;311079;142585
;;;;;;;;;;;;;;;;;;;;;;;;;;;;;;;;;;;;;;;;;;;;;;;
188;Eichsfeld – Nordhausen – Kyffhäuserkreis;16;Alternative für Deutschland;206488;213593;206488;213593;165874;158017;165874;158017;1357;2041;1175;1852;164517;155976;164699;156165;14360;34589;14096;37879;45730;41974;38444;34804;3000;6019;4425;7334;3818;10622;4877;14099;65025;35349;64144;35028;;;;;19528;16784;21894;15357
189;Eisenach – Wartburgkreis – Unstrut-Hainich-Kreis;16;Alternative für Deutschland;201182;207877;201182;207877;159953;152584;159953;152584;1305;2062;1249;1850;158648;150522;158704;150734;18894;36150;14825;37766;35936;34040;31218;27107;3882;5329;4733;7311;2345;8595;4052;12854;61093;37462;64059;37005;;;;;16028;17018;20761;15681
190;Jena – Sömmerda – Weimarer Land I;16;Alternative für Deutschland;194207;198697;194207;198697;161207;154163;161207;154163;1110;1912;927;1588;160097;152251;160280;152575;18734;30673;14495;34195;29660;28170;27797;23869;9587;14656;12157;16709;3655;10686;4922;14070;52014;29578;52019;30263;;;;;31246;25741;29919;19505
191;Gotha – Ilm-Kreis;16;Alternative für Deutschland;184294;190519;184294;190519;147985;142566;147985;142566;1359;1982;1162;1918;146626;140584;146823;140648;14680;33085;12958;33437;29345;25918;25917;21820;4402;6498;5144;8100;2999;9494;3906;12126;60348;37249;59553;36522;;;;;18753;15579;21968;15454
192;Erfurt – Weimar – Weimarer Land II;16;Die Linke;214387;217944;214387;217944;176031;166604;176031;166604;1169;1942;1189;1606;174862;164662;174842;164998;13900;40185;18408;39378;28587;28639;30713;23580;5458;19483;15312;21831;3350;12309;5034;15504;46611;27235;46998;26803;;;;;64389;26972;38667;23055
193;Gera – Greiz – Altenburger Land;16;Alternative für Deutschland;220281;229588;220281;229588;173712;168147;173712;168147;1434;2517;1349;2104;172278;165630;172363;166043;18698;36760;13622;36326;34406;33067;30631;27303;3323;6293;4924;7331;3918;14273;5137;16212;77161;48034;74761;46659;;;;;20441;19421;22450;18666
194;Saalfeld-Rudolstadt – Saale-Holzland-Kreis – Saale-Orla-Kreis;16;Alternative für Deutschland;211549;219437;211549;219437;172601;166531;172601;166531;1267;2037;1161;1908;171334;164494;171440;164623;14260;30791;12905;35019;35224;34489;30756;27008;4340;6292;5055;7383;3834;12343;4811;15428;76207;48177;73580;46381;;;;;21113;19968;23080;18489
195;Suhl – Schmalkalden-Meiningen – Hildburghausen – Sonneberg;16;Alternative für Deutschland;219979;230071;219979;230071;176252;171108;176252;171108;1392;2146;1269;1983;174860;168962;174983;169125;18315;56791;14606;42446;33940;37729;30596;27923;2829;3615;4334;7221;4205;10686;4547;13990;73609;35887;75405;44572;;;;;18445;14135;21952;18486
16;Thüringen;99;;1652367;1707726;1652367;1707726;1333615;1279720;1333615;1279720;10393;16639;9481;14809;1323222;1263081;1324134;1264911;131841;299024;115915;296446;272828;264026;246072;213414;36821;68185;56084;83220;28124;89008;37286;114283;512068;298971;510519;303233;;;;;209943;155618;200691;144693
;;;;;;;;;;;;;;;;;;;;;;;;;;;;;;;;;;;;;;;;;;;;;;;
196;Neuwied;7;Christlich Demokratische Union Deutschlands;236097;238118;236097;238118;194327;181837;194327;181837;1937;2058;1227;1544;192390;179779;193100;180293;42315;54320;35679;54018;68501;57430;62297;48338;11919;16559;15674;18930;6858;15931;8488;20751;40363;16810;41996;17504;;;;;9691;5005;11694;5417
197;Ahrweiler;7;Christlich Demokratische Union Deutschlands;191196;195109;191196;195109;159654;148466;159654;148466;1701;1861;965;1379;157953;146605;158689;147087;30537;44325;28429;42303;62012;50281;55289;41942;14413;15553;15725;17685;5282;12124;7563;17484;28335;10823;29076;11322;;;;;8224;3537;9069;3851
198;Koblenz;7;Christlich Demokratische Union Deutschlands;189619;193035;189619;193035;155945;147127;155945;147127;1653;1815;994;1224;154292;145312;154951;145903;37659;43416;30233;42817;55097;46073;48758;37958;15001;17980;18026;21007;4703;11179;7405;16371;24836;9753;25417;10426;;;;;9028;4054;11900;4804
199;Mosel/Rhein-Hunsrück;7;Christlich Demokratische Union Deutschlands;168634;171102;168634;171102;142280;134717;142280;134717;2098;2348;1058;1455;140182;132369;141222;133262;27079;35570;25141;38015;53505;45364;49309;38664;10039;12833;10918;12230;7588;15664;7521;16664;27058;10646;27721;11061;;;;;6495;;7411;3725
200;Kreuznach;7;Christlich Demokratische Union Deutschlands;179528;182380;179528;182380;146442;138109;146442;138109;1505;2008;991;1451;144937;136101;145451;136658;38085;44976;29494;44259;46766;39589;44074;33433;7764;9958;11570;12903;4714;9753;6425;15704;30689;12972;32452;13510;;;;;6352;4294;8583;4454
201;Bitburg;7;Christlich Demokratische Union Deutschlands;161723;163493;161723;163493;134564;124449;134564;124449;1590;1852;950;1395;132974;122597;133614;123054;27098;33632;22634;34343;53458;46340;48896;37086;7362;8512;10070;11411;4154;9011;6041;13997;22265;7947;23936;8794;;;;;4894;2875;6622;3265
202;Trier;7;–;187536;190530;187536;190530;156858;147171;156858;147171;1442;1738;931;1540;155416;145433;155927;145631;47052;47942;31155;44123;47841;40299;47886;34578;12834;18939;19025;22708;6151;10135;7266;16206;22101;8230;24103;9001;;;;;7774;5126;11944;5712
203;Montabaur;7;Christlich Demokratische Union Deutschlands;209489;210816;209489;210816;174499;164165;174499;164165;2185;2172;1577;1454;172314;161993;172922;162711;40265;50975;31353;49346;61540;48607;56164;43125;10840;14176;14638;16832;5479;15101;7959;19021;35333;14090;36388;14565;;;;;8708;4483;10315;4690
204;Mainz;7;–;251092;249630;251092;249630;214604;202670;214604;202670;1917;2669;1382;1382;212687;200001;213222;201288;50411;49878;39496;53889;57971;47153;56549;42659;40617;37319;44146;46183;8031;14408;10914;23178;21665;10360;23043;10833;;;;;19431;24863;23596;9418
205;Worms;7;Christlich Demokratische Union Deutschlands;211985;212943;211985;212943;178231;166636;178231;166636;1976;2491;1533;1814;176255;164145;176698;164822;39042;49748;33740;49656;62290;52827;50919;37548;13996;15949;18870;20799;5171;12966;8240;20095;35866;16043;38743;17033;;;;;8638;5070;11219;5068
206;Ludwigshafen/Frankenthal;7;–;205998;210969;205998;210969;163106;154911;163106;154911;2081;2122;1444;1653;161025;152789;161662;153258;42212;50108;31416;45895;43626;38193;44478;33726;12367;17061;14377;18128;5736;13688;7095;18421;37119;17740;37872;18075;;;;;7794;4648;11028;4651
207;Neustadt – Speyer;7;Christlich Demokratische Union Deutschlands;217120;219416;217120;219416;182171;173828;182171;173828;1700;2178;1241;1506;180471;171650;180930;172322;39588;48158;32815;47121;62618;51770;54948;41322;16908;20869;21329;23949;5580;14624;8796;21823;35239;17204;36881;17499;;;;;7117;4535;10071;4880
208;Kaiserslautern;7;Sozialdemokratische Partei Deutschlands;219832;224701;219832;224701;179200;169206;179200;169206;2318;2409;1557;1742;176882;166797;177643;167464;49462;56523;36500;54460;42591;35803;44231;33226;10099;14589;14624;17611;5137;11870;6973;17242;45159;20002;45952;20702;;;;;7397;6753;10770;6383
209;Pirmasens;7;Christlich Demokratische Union Deutschlands;167724;174093;167724;174093;139067;132470;139067;132470;1840;2004;1383;1747;137227;130466;137684;130723;28474;39711;23976;38261;45682;39236;41657;33507;6112;7891;8138;9877;4078;9895;5666;14374;34424;16512;37286;17178;;;;;4924;3678;6594;4207
210;Südpfalz;7;Christlich Demokratische Union Deutschlands;216108;217000;216108;217000;179904;171259;179904;171259;1717;1627;1327;1583;178187;169632;178577;169676;34273;47901;30705;47028;68122;47860;55080;39421;13802;19058;19800;22882;4686;17011;7684;21120;35589;16658;37867;17702;;;;;7114;5222;10928;5598
7;Rheinland-Pfalz;99;;3013681;3053335;3013681;3053335;2500852;2357021;2500852;2357021;27660;31352;18560;22869;2473192;2325669;2482292;2334152;573552;697183;462766;685534;831620;686825;760535;576533;204073;247246;256930;293135;83348;193360;114036;272451;476041;205790;498733;215205;;;;;123581;84143;161744;76123
;;;;;;;;;;;;;;;;;;;;;;;;;;;;;;;;;;;;;;;;;;;;;;;
211;Altötting;9;Christlich-Soziale Union in Bayern e.V.;167997;168656;167997;168656;137711;129441;137711;129441;743;880;457;681;136968;128561;137254;128760;11870;14620;11493;18309;;;;;10399;11145;10713;12248;4037;9245;4887;13298;32226;14220;33187;13940;60164;55693;54393;44060;5867;3155;6212;2769
212;Erding – Ebersberg;9;Christlich-Soziale Union in Bayern e.V.;201032;200569;201032;200569;175170;168337;175170;168337;727;1132;439;734;174443;167205;174731;167603;17609;24205;17630;25693;;;;;23383;24840;22730;24620;6323;13226;8831;20228;27275;11448;28849;12228;80087;70656;70010;55992;6856;3355;8824;3648
213;Freising;9;Christlich-Soziale Union in Bayern e.V.;238346;237250;238346;237250;205009;194002;205009;194002;942;1237;579;883;204067;192765;204430;193119;23357;25950;20234;29085;;;;;25718;24058;23759;26055;5803;14687;8898;21738;36965;18042;38981;17515;88023;69689;78633;62930;8630;3898;10646;4456
214;Fürstenfeldbruck;9;Christlich-Soziale Union in Bayern e.V.;230186;231905;230186;231905;199419;192779;199419;192779;822;1489;523;927;198597;191290;198896;191852;29795;36831;23134;31141;;;;;23886;25363;27778;30537;8748;16029;10015;23046;27997;13056;29818;13209;84648;72721;78928;63944;7312;3216;10605;4192
215;Ingolstadt;9;Christlich-Soziale Union in Bayern e.V.;235847;238384;235847;238384;196036;187395;196036;187395;956;1167;704;856;195080;186228;195332;186539;21555;25954;19812;31592;;;;;14531;18182;18024;20833;3711;10877;7350;19797;39220;17806;41850;18694;91837;83663;78647;64577;7730;4648;9258;4450
216;München-Nord;9;Christlich-Soziale Union in Bayern e.V.;223690;223683;223690;223683;185755;175551;185755;175551;1017;880;523;649;184738;174671;185232;174902;36593;38172;28582;33241;;;;;44697;42319;42281;44861;8536;19477;12394;25953;16685;7591;17688;8250;59872;44854;53494;39986;12121;6216;16785;7044
217;München-Ost;9;Christlich-Soziale Union in Bayern e.V.;243727;242591;243727;242591;204779;193958;204779;193958;1063;906;588;687;203716;193052;204191;193271;31514;38243;30928;36106;;;;;49343;42367;44955;47647;8250;18104;12795;27112;18438;8066;19672;8978;73929;61159;63472;49286;12464;4907;17133;7080
218;München-Süd;9;–;214876;214606;214876;214606;181033;172970;181033;172970;629;841;444;599;180404;172129;180589;172371;26427;33924;28005;33117;;;;;53695;47256;43483;45562;7163;16437;10046;21495;15864;7641;16773;7910;54803;46059;51845;40585;9819;6236;16846;7669
219;München-West/Mitte;9;Christlich-Soziale Union in Bayern e.V.;246546;242252;246546;242252;210770;198272;210770;198272;2754;955;447;647;208016;197317;210323;197625;32990;39182;32280;37513;;;;;60196;53174;52687;54303;10324;19153;12529;26401;;7594;18815;8403;72171;53311;60481;45540;12671;6975;18658;8219
220;München-Land;9;Christlich-Soziale Union in Bayern e.V.;233438;234912;233438;234912;205557;199333;205557;199333;798;1041;464;723;204759;198292;205093;198610;27304;30237;26648;34189;;;;;40043;40475;35335;36817;8785;18180;12981;28696;22919;9816;24069;10489;88197;77523;80084;64669;8428;3685;10311;4449
221;Rosenheim;9;Christlich-Soziale Union in Bayern e.V.;238400;237390;238400;237390;201569;191410;201569;191410;954;1346;658;849;200615;190064;200911;190561;17905;22869;19265;27406;;;;;25185;26183;25018;25962;5724;17682;9362;23049;36811;15764;39370;16570;82005;68670;75528;59126;9147;4091;10130;4607
222;Bad Tölz-Wolfratshausen – Miesbach;9;Christlich-Soziale Union in Bayern e.V.;165905;166662;165905;166662;141866;136106;141866;136106;716;1765;468;750;141150;134341;141398;135356;10901;15428;12829;18276;;;;;20820;20829;17584;18138;4754;11636;7507;17048;23293;;24280;10835;65482;55501;59231;46304;4695;2643;5717;2908
223;Starnberg – Landsberg am Lech;9;Christlich-Soziale Union in Bayern e.V.;214841;214828;214841;214828;188348;180978;188348;180978;855;1158;634;714;187493;179820;187714;180264;24165;23985;21598;28584;;;;;31338;35809;31552;32663;6665;16585;10962;23893;24163;10715;25281;11066;80382;68617;72605;57906;6441;3701;9709;4446
224;Traunstein;9;Christlich-Soziale Union in Bayern e.V.;208678;208815;208678;208815;172572;163876;172572;163876;818;1282;548;817;171754;162594;172024;163059;20845;27644;16925;25190;;;;;14985;17219;17677;19985;3270;12268;5891;15747;30995;12671;34619;14027;80507;59555;66829;51421;6885;3537;7515;3943
225;Weilheim;9;Christlich-Soziale Union in Bayern e.V.;168223;168473;168223;168473;143715;138039;143715;138039;801;1444;388;879;142914;136595;143327;137160;13488;19682;13888;19927;;;;;18129;16300;17098;18397;6356;8553;6760;14311;22082;9686;24240;10873;65407;57179;59685;48178;5698;2718;6870;3124
226;Deggendorf;9;Christlich-Soziale Union in Bayern e.V.;165283;166186;165283;166186;135617;127193;135617;127193;709;691;381;549;134908;126502;135236;126644;12155;19527;10912;19873;;;;;6512;6890;6856;8516;5187;6325;4283;10778;36248;17432;39532;17911;58446;47267;52052;42154;3068;1895;4179;2301
227;Landshut;9;Christlich-Soziale Union in Bayern e.V.;246199;246854;246199;246854;208264;195589;208264;195589;874;1639;633;823;207390;193950;207631;194766;18819;22468;19652;30931;;;;;17136;21811;18059;20087;6437;22774;7728;20204;42148;19184;46439;19973;71014;70685;75251;64383;7564;3955;9600;4186
228;Passau;9;Christlich-Soziale Union in Bayern e.V.;176118;177563;176118;177563;144127;136625;144127;136625;597;1145;406;573;143530;135480;143721;136052;20120;28341;13904;23892;;;;;7425;12098;9821;12645;3072;10513;4706;12782;33776;16215;36665;16023;58538;41530;55447;44215;4172;2681;5692;3093
229;Rottal-Inn;9;Christlich-Soziale Union in Bayern e.V.;172567;173632;172567;173632;142729;133885;142729;133885;663;1438;407;639;142066;132447;142322;133246;9947;15794;10899;19108;;;;;7688;10188;7841;9495;2625;10210;4272;12904;32882;16808;37105;16384;49581;46493;54707;45687;4166;1912;4990;2487
230;Straubing;9;Christlich-Soziale Union in Bayern e.V.;172562;173772;172562;173772;141572;132955;141572;132955;629;877;454;712;140943;132078;141118;132243;11133;16312;11321;19938;;;;;7241;8613;7466;8964;2715;6895;4279;11603;36671;16794;39113;17402;65291;58487;55427;46742;4394;1936;4934;2468
231;Amberg;9;Christlich-Soziale Union in Bayern e.V.;213946;216071;213946;216071;181998;173297;181998;173297;865;1300;670;939;181133;171997;181328;172358;19705;27476;19333;31547;;;;;12177;13908;13961;16191;4699;10213;5968;15067;38359;17822;40019;17958;80626;69278;72724;60430;7316;4158;7977;4095
232;Regensburg;9;Christlich-Soziale Union in Bayern e.V.;250692;248192;250692;248192;212425;198937;212425;198937;757;1225;567;762;211668;197712;211858;198175;27602;32850;23589;34563;;;;;27691;30333;28292;32094;5231;13754;7406;18773;37931;16557;39743;17343;80980;69842;75587;61187;9721;6023;14778;6798
233;Schwandorf;9;Christlich-Soziale Union in Bayern e.V.;220942;222424;220942;222424;185064;174957;185064;174957;915;1202;557;812;184149;173755;184507;174145;25536;39615;17112;31209;;;;;7512;7934;9172;11179;3426;7341;4927;12650;49700;23142;51974;23508;77716;60924;72443;59430;4913;3043;6052;3394
234;Weiden;9;Christlich-Soziale Union in Bayern e.V.;162689;165807;162689;165807;136797;132247;136797;132247;653;823;435;891;136144;131424;136362;131356;16294;29573;15931;29461;;;;;6624;6633;7926;9170;4126;6303;4169;9601;31351;13523;33124;14898;59268;50575;55094;46451;5590;2315;5367;2830
235;Bamberg;9;Christlich-Soziale Union in Bayern e.V.;179277;182586;179277;182586;155528;148660;155528;148660;671;865;474;592;154857;147795;155054;148068;22569;28123;17554;25698;;;;;20762;22728;19474;21898;4709;9821;6095;14336;28887;13279;29977;14284;61044;54726;57363;49463;7914;3625;10111;4676
236;Bayreuth;9;Christlich-Soziale Union in Bayern e.V.;158660;162430;158660;162430;134080;129136;134080;129136;614;806;399;606;133466;128330;133681;128530;19068;24840;16404;26584;;;;;11000;14064;13155;15647;3728;9182;4987;12020;25068;10777;26682;11636;59366;54465;51467;43768;6113;2577;7605;3294
237;Coburg;9;Christlich-Soziale Union in Bayern e.V.;153392;156571;153392;156571;128802;123864;128802;123864;627;921;495;704;128175;122943;128307;123160;18425;32056;18401;31087;;;;;10942;10581;9603;11459;2489;6369;4135;10683;26821;11878;28512;12836;53726;44890;47709;39343;5018;2337;6965;3118
238;Hof;9;Christlich-Soziale Union in Bayern e.V.;157915;162872;157915;162872;129452;125334;129452;125334;790;879;452;775;128662;124455;129000;124559;22966;29763;17420;30426;;;;;6392;7941;7802;9628;3165;6493;4031;10552;30614;14705;31308;14560;51926;51312;48966;41308;5790;2651;6848;3004
239;Kulmbach;9;Christlich-Soziale Union in Bayern e.V.;165446;168923;165446;168923;141537;137178;141537;137178;771;781;462;671;140766;136397;141075;136507;13210;22103;15327;27009;;;;;9232;10165;10176;11966;2838;6480;4550;11399;30698;14416;32988;15774;69446;65163;56803;49389;5361;2448;6210;2982
240;Ansbach;9;Christlich-Soziale Union in Bayern e.V.;240854;243174;240854;243174;203889;192508;203889;192508;1082;1514;707;1022;202807;190994;203182;191486;26716;33819;24614;37642;;;;;18247;21343;19216;22325;5372;13016;6859;16213;43010;18418;43681;19142;84718;73312;75746;63299;9432;3798;10146;4904
241;Erlangen;9;Christlich-Soziale Union in Bayern e.V.;186493;187299;186493;187299;162266;155377;162266;155377;847;946;467;669;161419;154431;161799;154708;28003;32036;22444;30146;;;;;29337;29923;29142;31222;4761;10382;6888;16062;22637;10669;23505;10872;57972;54223;54595;44664;9115;;11552;5817
242;Fürth;9;Christlich-Soziale Union in Bayern e.V.;248261;250730;248261;250730;208331;197939;208331;197939;1181;1438;822;996;207150;196501;207509;196943;36976;47153;29393;42329;;;;;22507;27111;25808;29778;6095;12883;8087;18765;38338;16858;39098;17692;77540;65876;71334;58976;12636;6221;14099;6946
243;Nürnberg-Nord;9;–;187178;188283;187178;188283;151378;145212;151378;145212;889;1006;635;726;150489;144206;150743;144486;26739;31616;23568;30232;;;;;32432;32541;29683;34055;4976;10882;6530;14692;18093;8485;18303;8887;45420;41027;41084;34349;14697;7726;19233;8627
244;Nürnberg-Süd;9;Christlich-Soziale Union in Bayern e.V.;174758;177316;174758;177316;136867;129560;136867;129560;1005;1137;714;847;135862;128423;136153;128713;24212;31098;20814;29195;;;;;14729;15566;15262;17687;3557;8777;4872;11495;27132;13123;26901;12901;48915;44192;43914;38663;10811;5184;11682;4893
245;Roth;9;Christlich-Soziale Union in Bayern e.V.;227701;229279;227701;229279;197174;189675;197174;189675;990;1392;630;945;196184;188283;196544;188730;25556;31806;26319;38786;;;;;24180;25140;23879;26197;5524;12596;7482;16974;33197;14944;35443;16043;84143;71478;74208;60980;9949;5076;10626;4950
246;Aschaffenburg;9;Christlich-Soziale Union in Bayern e.V.;180280;182652;180280;182652;155319;146772;155319;146772;984;1234;742;1052;154335;145538;154577;145720;19006;24893;19697;30232;;;;;18230;19588;17251;20642;5169;11683;6833;16199;28439;13954;29410;13716;67592;59269;58806;45739;7335;3536;9277;4068
247;Bad Kissingen;9;Christlich-Soziale Union in Bayern e.V.;210364;214061;210364;214061;180549;174164;180549;174164;7630;1624;734;1059;172919;172540;179815;173105;25127;32844;17374;30540;;;;;10616;16467;13320;15874;8443;12206;6462;15211;;17130;41399;18434;87357;67458;75099;65063;9962;4475;8239;4820
248;Main-Spessart;9;Christlich-Soziale Union in Bayern e.V.;191994;194408;191994;194408;165485;158133;165485;158133;947;1348;598;1066;164538;156785;164887;157067;25758;33700;20525;32771;;;;;13734;15813;14699;17806;3807;9514;5892;14151;29811;12576;31911;13918;74872;60489;67725;54097;6798;4070;8065;3685
249;Schweinfurt;9;Christlich-Soziale Union in Bayern e.V.;194070;196710;194070;196710;163493;157357;163493;157357;1008;1554;656;1005;162485;155803;162837;156352;21832;29037;18705;30482;;;;;12894;14747;14828;17085;3992;12408;5823;15039;33826;15468;34401;15687;70454;63697;64165;54441;7606;6552;8467;4928
250;Würzburg;9;Christlich-Soziale Union in Bayern e.V.;222633;224907;222633;224907;192414;185659;192414;185659;1014;2155;559;957;191400;183504;191855;184702;26348;33125;25877;37079;;;;;36590;36295;31416;35634;8009;19414;8492;19230;24815;;25961;12220;74909;67651;68556;55957;9764;7522;15639;7027
251;Augsburg-Stadt;9;–;186447;187164;186447;187164;148106;137597;148106;137597;803;912;547;776;147303;136685;147559;136821;20701;24843;19791;26332;;;;;30321;29348;24311;27142;4138;11579;6076;15265;25488;11739;25826;12120;45744;37239;41917;33772;10969;6716;15568;6532
252;Augsburg-Land;9;Christlich-Soziale Union in Bayern e.V.;231356;231978;231356;231978;199572;189816;199572;189816;985;1492;640;996;198587;188324;198932;188820;25217;28108;21263;31693;;;;;18277;23359;21838;24561;5509;14379;7946;20767;37562;18069;38629;18010;88361;75875;79039;62299;7841;3531;9555;4042
253;Donau-Ries;9;Christlich-Soziale Union in Bayern e.V.;192384;192451;192384;192451;163307;154277;163307;154277;665;1077;543;805;162642;153200;162764;153472;19718;29501;15226;25344;;;;;9398;10833;11852;14619;3894;9724;6071;15325;34914;15499;36832;16872;73296;62953;67120;54006;5536;2990;6250;2804
254;Neu-Ulm;9;Christlich-Soziale Union in Bayern e.V.;215190;214619;215190;214619;178448;166513;178448;166513;1057;1321;660;1009;177391;165192;177788;165504;18762;27471;19104;29232;;;;;14869;18859;15920;18880;5121;12809;7349;19447;41999;19598;41290;19350;75357;61066;65849;51592;8006;3169;9318;4041
255;Memmingen – Unterallgäu;9;Christlich-Soziale Union in Bayern e.V.;159352;158711;159352;158711;134549;126025;134549;126025;948;1007;419;637;133601;125018;134130;125388;12674;15977;12136;18633;;;;;10821;13902;11191;13216;3937;9896;5528;14106;30372;14771;31392;14492;58477;46914;52441;40140;6213;2749;5944;2787
256;Oberallgäu;9;Christlich-Soziale Union in Bayern e.V.;227116;228803;227116;228803;191708;181755;191708;181755;999;1617;720;1014;190709;180138;190988;180741;16061;28401;20116;29910;;;;;23667;27817;23602;27393;8116;23604;8216;20953;31804;14473;33444;14350;70228;53566;72528;55017;7461;4911;10016;5043
257;Ostallgäu;9;Christlich-Soziale Union in Bayern e.V.;161049;160260;161049;160260;136863;128337;136863;128337;937;975;448;643;135926;127362;136415;127694;13576;15108;12772;19969;;;;;14112;15677;13673;16147;3543;9240;5211;13533;26565;11676;27434;11732;61893;51276;54701;41319;6099;4767;6460;3194
9;Bayern;99;;9464900;9517664;9464900;9517664;7997019;7608980;7997019;7608980;48701;55864;25897;37667;7948318;7553116;7971122;7571313;1016849;1316303;920748;1361242;;;;;969643;1023735;957169;1067830;246859;579804;333361;798591;1384089;634098;1515533;679915;3271730;2788048;2963732;2402827;366094;187530;456663;210838
;;;;;;;;;;;;;;;;;;;;;;;;;;;;;;;;;;;;;;;;;;;;;;;
258;Stuttgart I;8;BÜNDNIS 90/DIE GRÜNEN;188917;191811;188917;191811;162092;157514;162092;157514;912;832;415;676;161180;156682;161677;156838;25231;20012;24194;31003;45652;36605;42315;31536;45668;62594;40810;44559;9327;16504;11751;26036;13843;6295;14422;6591;;;;;14200;6447;17528;8127
259;Stuttgart II;8;–;174909;178958;174909;178958;139573;133588;139573;133588;1076;1124;631;892;138497;132464;138942;132696;22055;27224;22564;30198;42059;34312;37214;28403;29438;31446;24215;28221;5789;14678;8085;20273;20165;9603;19979;9541;;;;;12414;6294;15095;6739
260;Böblingen;8;Christlich Demokratische Union Deutschlands;243100;245553;243100;245553;204959;195335;204959;195335;1381;1541;942;1221;203578;193794;204017;194114;34197;40844;29381;39955;76031;57504;67755;50675;27409;30211;28451;32594;12438;32184;14312;35082;34826;16175;35769;16810;;;;;9936;4548;12167;5141
261;Esslingen;8;Christlich Demokratische Union Deutschlands;165367;166628;165367;166628;139385;131888;139385;131888;777;868;583;767;138608;131020;138802;131121;22446;28501;21533;29852;51329;41976;45134;33175;21500;24058;20809;23902;6021;16011;7966;20901;21754;9123;22299;9733;;;;;9177;3477;9942;4063
262;Nürtingen;8;Christlich Demokratische Union Deutschlands;203453;205967;203453;205967;173210;165777;173210;165777;1080;1302;780;1207;172130;164475;172430;164570;28298;34617;24364;33995;64951;49506;58091;42826;24794;29619;23392;27702;9105;22765;11503;28807;30578;13597;31029;14327;;;;;9264;3970;9951;4357
263;Göppingen;8;Christlich Demokratische Union Deutschlands;174712;177107;174712;177107;143878;135606;143878;135606;1197;1599;839;1183;142681;134007;143039;134423;24232;31824;20544;31422;52945;41558;47870;35079;13239;15932;13447;16916;5839;16481;7925;21723;32263;15818;33279;15412;;;;;6812;2958;7797;3338
264;Waiblingen;8;Christlich Demokratische Union Deutschlands;219692;221775;219692;221775;184963;175841;184963;175841;1227;1434;868;1092;183736;174407;184095;174749;31594;39642;26984;37753;69223;50566;61351;44987;22702;26224;23496;27098;10519;27123;12485;30999;33167;15196;34225;15474;;;;;9725;4464;10731;5001
265;Ludwigsburg;8;Christlich Demokratische Union Deutschlands;212479;215312;212479;215312;179564;171843;179564;171843;1138;1300;773;1001;178426;170543;178791;170842;27089;31409;27023;37284;65151;50297;57281;42297;28624;34663;26602;31433;9136;23891;11448;27611;30109;14392;30184;14313;;;;;11130;4886;12277;5275
266;Neckar-Zaber;8;Christlich Demokratische Union Deutschlands;228597;230738;228597;230738;195892;186673;195892;186673;1272;1622;879;1237;194620;185051;195013;185436;29182;41708;28171;41369;76390;56249;64629;46315;22573;29015;23637;29048;7695;22792;12296;30783;37965;18478;39633;18702;;;;;9924;4357;10386;4851
267;Heilbronn;8;Christlich Demokratische Union Deutschlands;238592;240951;238592;240951;194706;182804;194706;182804;1705;1863;1256;1749;193001;180941;193450;181055;29914;43887;27713;40961;67516;50299;56936;43325;16637;23018;18307;23476;9853;24748;12027;29386;48360;23093;49239;23828;;;;;11484;4237;11923;5137
268;Schwäbisch Hall – Hohenlohe;8;Christlich Demokratische Union Deutschlands;224446;225874;224446;225874;186104;172687;186104;172687;1415;1561;1092;1457;184689;171126;185012;171230;27498;33568;24445;37272;67217;54894;58817;41947;18528;25825;18083;22734;8307;19941;10582;27850;44361;20579;46423;21787;;;;;8902;4090;9845;4980
269;Backnang – Schwäbisch Gmünd;8;Christlich Demokratische Union Deutschlands;175503;177062;175503;177062;146412;136436;146412;136436;1272;1435;727;1012;145140;135001;145685;135424;23853;32904;20169;29341;53070;41176;47465;34991;15498;15587;15531;18579;5844;16198;7846;21397;33945;15802;33898;15979;;;;;7486;3929;8422;3927
270;Aalen – Heidenheim;8;Christlich Demokratische Union Deutschlands;217828;220686;217828;220686;180562;168655;180562;168655;1738;1722;1009;1410;178824;166933;179553;167245;25137;36501;25288;39468;74007;61832;62269;45852;14872;20364;16827;21226;6425;15708;8745;24562;41336;16988;41365;17937;;;;;8987;3905;9696;4538
271;Karlsruhe-Stadt;8;BÜNDNIS 90/DIE GRÜNEN;202812;205608;202812;205608;168556;159591;168556;159591;1126;1350;712;1123;167430;158241;167844;158468;25553;33630;26164;33828;39599;30921;37646;27998;51305;47473;40424;44011;6399;15793;8657;20615;22985;10811;22677;10774;;;;;13354;7956;18801;8910
272;Karlsruhe-Land;8;Christlich Demokratische Union Deutschlands;207276;209147;207276;209147;176250;167946;176250;167946;1476;1687;848;1313;174774;166259;175402;166633;26152;37948;26361;38474;68439;50581;58135;42831;22739;27755;23378;26969;7333;19066;9721;24660;32290;14963;33393;15869;;;;;8836;4040;9790;4483
273;Rastatt;8;Christlich Demokratische Union Deutschlands;200964;204890;200964;204890;163983;155331;163983;155331;1529;1736;1050;1531;162454;153595;162933;153800;24570;34847;23552;36442;63111;50988;54349;41495;18275;19962;17673;21926;5727;17764;8032;21250;36075;16455;36771;16333;;;;;7609;4212;8737;4280
274;Heidelberg;8;–;218284;218431;218284;218431;186540;177868;186540;177868;1156;1231;799;1064;185384;176637;185741;176804;29464;35602;31556;40275;54060;42582;48787;36783;51423;53288;40599;45314;6767;15906;10535;23240;22182;10823;22414;10821;;;;;13225;6987;18830;8624
275;Mannheim;8;–;195336;196863;195336;196863;153137;142132;153137;142132;1234;1350;874;1165;151903;140782;152263;140967;34133;37102;27685;35651;37564;27986;35226;25682;27491;31723;24375;29814;6389;14879;7836;18515;27165;13773;26730;12846;;;;;12114;6811;17209;7066
276;Odenwald – Tauber;8;Christlich Demokratische Union Deutschlands;206482;209418;206482;209418;171412;162058;171412;162058;1520;1806;1079;1564;169892;160252;170333;160494;24015;33083;22572;35578;72796;57391;61951;48866;13335;17695;14283;17748;5336;15549;8157;20943;39072;19374;40149;19208;;;;;7689;3722;8330;4084
277;Rhein-Neckar;8;–;195506;196882;195506;196882;163944;154085;163944;154085;1465;1588;928;1403;162479;152497;163016;152682;33082;41205;25577;35847;55932;43487;50684;38871;17909;22696;20053;24072;7029;17769;9194;21941;33084;15296;33689;15701;;;;;8276;4006;10194;4320
278;Bruchsal – Schwetzingen;8;Christlich Demokratische Union Deutschlands;194214;195755;194214;195755;162110;152231;162110;152231;1641;2028;973;1455;160469;150203;161137;150776;26193;32836;23130;34434;57953;44465;51746;38866;17222;22154;17612;20858;6690;17635;8450;21978;35699;17352;36132;17462;;;;;8289;3854;9271;4125
279;Pforzheim;8;Christlich Demokratische Union Deutschlands;212982;217126;212982;217126;174317;163982;174317;163982;2290;1441;979;1365;172027;162541;173338;162617;36222;33957;22823;34262;63758;46291;52835;39324;;20679;18236;21213;9382;20632;10769;26504;46265;22943;43959;22028;;;;;11022;3772;9320;4342
280;Calw;8;Christlich Demokratische Union Deutschlands;197556;199092;197556;199092;163676;152863;163676;152863;1275;1350;868;1275;162401;151513;162808;151588;20936;26111;19865;28571;63396;51208;55072;42841;13187;17712;14354;17301;6842;22685;9667;26770;39321;18668;41608;19473;;;;;6312;2998;7650;3656
281;Freiburg;8;BÜNDNIS 90/DIE GRÜNEN;228338;224392;228338;224392;196060;180976;196060;180976;1297;1207;795;1103;194763;179769;195265;179873;30485;47198;29933;38183;47806;37111;43343;31296;63281;51777;51966;56861;5542;13835;8284;19145;20008;8107;20285;8854;;;;;19518;9604;27165;12429
282;Lörrach – Müllheim;8;–;229946;231076;229946;231076;187831;174064;187831;174064;1465;1720;1052;1495;186366;172344;186779;172569;32288;37496;29798;41834;61900;43509;54618;38501;29238;35558;28450;32817;5810;24430;9156;24669;32848;13981;33960;14195;;;;;11325;4580;12651;5532
283;Emmendingen – Lahr;8;Christlich Demokratische Union Deutschlands;218790;218872;218790;218872;182330;168004;182330;168004;1463;1349;1021;1432;180867;166655;181309;166572;40198;46316;28144;39727;66980;46406;58417;41323;18327;23345;23990;28724;5693;16620;8496;22136;34276;14396;35303;14971;;;;;8518;4921;10694;5209
284;Offenburg;8;Christlich Demokratische Union Deutschlands;204663;205893;204663;205893;167895;156776;167895;156776;1709;1623;1094;1576;166186;155153;166801;155200;21577;29003;22195;33043;63491;54148;56002;40210;20488;21717;18512;23083;7405;16692;8781;22799;34411;13876;36359;15320;;;;;8988;4254;9490;4423
285;Rottweil – Tuttlingen;8;Christlich Demokratische Union Deutschlands;196201;198182;196201;198182;161406;149664;161406;149664;1586;1826;1145;1851;159820;147838;160261;147813;17696;23989;17306;27523;62241;46535;55063;40818;12461;18184;12443;16036;8723;24784;9737;26768;43998;20293;43400;19747;;;;;7144;3177;7540;3320
286;Schwarzwald-Baar;8;Christlich Demokratische Union Deutschlands;160370;162800;160370;162800;131136;122862;131136;122862;1065;1370;905;1340;130071;121492;130231;121522;19395;21996;16814;25814;55045;44188;44340;32309;9979;14692;12895;16181;4524;16747;6873;19696;29141;12795;30951;13097;;;;;5295;2757;6591;3062
287;Konstanz;8;Christlich Demokratische Union Deutschlands;207094;206009;207094;206009;170740;157563;170740;157563;1169;1277;794;1163;169571;156286;169946;156400;26451;31486;22599;32657;63922;53362;51150;36209;25390;28142;28614;32913;7363;17047;9833;23509;29584;13487;31134;13341;;;;;9987;5591;12660;5804
288;Waldshut;8;Christlich Demokratische Union Deutschlands;176269;177275;176269;177275;145432;136195;145432;136195;1029;1318;761;1173;144403;134877;144671;135022;26960;34449;20751;30782;54464;45335;48694;35595;16809;20679;19776;23294;5169;10217;7212;18422;26708;11420;27608;11265;;;;;6839;3606;8199;3895
289;Reutlingen;8;Christlich Demokratische Union Deutschlands;197838;199189;197838;199189;165466;153820;165466;153820;1264;1343;812;1245;164202;152477;164654;152575;22440;27236;21626;31535;63189;49631;53652;39504;20868;25399;20122;24197;9115;20411;10605;25288;32481;15356;34595;15652;;;;;9120;6169;9970;5081
290;Tübingen;8;–;199799;198791;199799;198791;172209;160835;172209;160835;1209;1207;732;1054;171000;159628;171477;159781;22148;28982;23886;32576;54250;43024;48875;34775;42175;40978;32947;37424;6244;15059;8579;22678;26760;12484;27676;12548;;;;;10520;7526;16466;8231
291;Ulm;8;Christlich Demokratische Union Deutschlands;223539;223376;223539;223376;190052;177537;190052;177537;1282;1539;932;1372;188770;175998;189120;176165;25216;32176;25474;36418;73229;57608;64118;46805;29343;33012;25669;31238;6700;19745;9748;25389;34984;15932;36440;16046;;;;;9376;4604;12210;5377
292;Biberach;8;Christlich Demokratische Union Deutschlands;169789;169147;169789;169147;144530;133345;144530;133345;1020;1174;788;1115;143510;132171;143742;132230;18225;24567;14951;23152;58651;46458;55024;40472;14819;17912;14064;18070;5555;13045;7298;19163;32075;13469;33315;14308;;;;;5447;2064;6496;2967
293;Bodensee;8;Christlich Demokratische Union Deutschlands;173329;174430;173329;174430;145122;137838;145122;137838;1102;1083;770;990;144020;136755;144352;136848;21967;28501;18778;26989;57654;41624;50583;36571;18268;23385;19560;23635;4629;16751;8286;21611;29316;12584;27287;11916;;;;;6089;3705;8004;3905
294;Ravensburg;8;Christlich Demokratische Union Deutschlands;188226;187817;188226;187817;157997;147020;157997;147020;1224;1080;761;1042;156773;145940;157236;145978;17209;20128;18446;27750;60700;44597;55057;38927;23870;30743;20841;25536;8948;20934;8525;21740;29160;11727;29900;12650;;;;;9809;4365;10188;4735
295;Zollernalb – Sigmaringen;8;Christlich Demokratische Union Deutschlands;180742;182648;180742;182648;148786;138084;148786;138084;1625;1688;865;1544;147161;136396;147921;136540;28895;24970;16343;26716;54652;41106;54043;39332;7836;23118;11151;15503;6169;18678;8083;23200;38498;15554;38788;16477;;;;;5850;2848;7256;3540
8;Baden-Württemberg;99;;7653940;7711531;7653940;7711531;6382217;5997317;6382217;5997317;50411;54574;33131;47657;6331806;5942743;6349086;5949660;1002196;1247455;898702;1287934;2280323;1767316;2006537;1477612;887520;1058334;865594;1022226;271781;711697;357485;908039;1231058;561058;1256267;571336;;;;;359992;175691;429472;196874
;;;;;;;;;;;;;;;;;;;;;;;;;;;;;;;;;;;;;;;;;;;;;;;
296;Saarbrücken;10;Sozialdemokratische Partei Deutschlands;187345;192929;187345;192929;148757;142697;148757;142697;1861;2299;1271;2223;146896;140398;147486;140474;47529;51749;32526;53537;36390;35252;33745;28797;10868;11143;14614;;5280;11647;6455;16438;30329;12569;29591;13006;;;;;12423;8711;14566;13484
297;Saarlouis;10;Christlich Demokratische Union Deutschlands;198307;203279;198307;203279;164763;159170;164763;159170;2378;3047;1637;2891;162385;156123;163126;156279;46006;57354;34687;56920;51702;43671;46087;38085;7726;7383;10185;;5260;12777;7259;18872;35619;15111;35420;15651;;;;;10902;8405;11036;10512
298;St. Wendel;10;Christlich Demokratische Union Deutschlands;168073;173074;168073;173074;143180;139808;143180;139808;1871;2828;1443;2776;141309;136980;141737;137032;40409;48135;31470;51229;47870;43928;42958;36248;5341;5739;8744;;5363;11354;5753;14916;29033;12346;29390;12904;;;;;8133;5783;8583;7887
299;Homburg;10;Sozialdemokratische Partei Deutschlands;180528;185941;180528;185941;148003;142288;148003;142288;1987;2676;1340;2405;146016;139612;146663;139883;44560;51091;32333;52091;40910;36472;38206;32004;6479;6826;9652;;4685;11015;6222;15719;34096;16210;34800;16068;;;;;9695;7312;9813;9247
10;Saarland;99;;734253;755223;734253;755223;604703;583963;604703;583963;8097;10850;5691;10295;596606;573113;599012;573668;178504;208329;131016;213777;176872;159323;160996;135134;30414;31091;43195;;20588;46793;25689;65945;129077;56236;129201;57629;;;;;41153;30211;43998;41130
;;;;;;;;;;;;;;;;;;;;;;;;;;;;;;;;;;;;;;;;;;;;;;;
99;Bundesgebiet;;;60490603;61172771;60490603;61172771;49927315;46707343;49927315;46707343;429129;488483;285228;408956;49498186;46218860;49642087;46298387;9934614;12184096;8148284;11901558;12601967;10445920;11194700;8774920;5442912;6435380;5761476;6814408;1623351;4019565;2148878;5291013;10175438;4699926;10327148;4809233;3271730;2788048;2963732;2402827;3932584;2286070;4355382;2255864
